0.07390975952148438,0.0,0.0,0,0.0,0.0,-0.0
0.19925832748413086,0.0,0.0,0,0.0,0.0,-0.0
0.22430419921875,0.0,0.0,0,0.0,0.0,-0.0
0.27440786361694336,0.0,0.0,0,0.0,0.0,-0.0
0.32455921173095703,0.0,0.0,0,0.0,0.0,-0.0
0.34960508346557617,0.0,0.0,0,0.0,0.0,-0.0
0.39975643157958984,0.0,0.0,0,0.0,0.0,-0.0
0.4499077796936035,0.0,0.0,0,0.0,0.0,-0.0
0.47495365142822266,0.0,0.0,0,0.0,0.0,-0.0
0.5501508712768555,0.0,0.0,0,0.0,0.0,-0.0
0.6254076957702637,0.0,0.0,0,0.0,0.0,-0.0
0.701904296875,0.0,0.0,0,0.0,0.0,-0.0
0.7772088050842285,0.0,0.0,0,0.0,0.0,-0.0
0.8523106575012207,0.0,0.0,0,0.0,0.0,-0.0
0.902402400970459,0.0,0.0,0,0.0,0.0,-0.0
0.9777069091796875,0.0,0.0,0,0.0,0.0,-0.0
1.0277509689331055,0.0,0.0,0,0.0,0.0,-0.0
1.1029601097106934,0.0,0.0,0,0.0,0.0,-0.0
1.153099536895752,0.0,0.0,0,0.0,0.0,-0.0
1.2283086776733398,0.0,0.0,0,0.0,0.0,-0.0
1.3035058975219727,0.0,0.0,0,0.0,0.0,-0.0
1.3523578643798828,0.0,0.0,0,0.0,0.0,-0.0
1.402449607849121,0.0,0.0,0,0.0,0.0,-0.0
1.4526009559631348,0.0,0.0,0,0.0,0.0,-0.0
1.477658748626709,0.0,0.0,0,0.0,0.0,-0.0
1.5278100967407227,0.0,0.0,0,0.0,0.0,-0.0
1.5528559684753418,0.0,0.0,0,0.0,0.0,-0.0
1.6030073165893555,0.0,0.0,0,0.0,0.0,-0.0
1.6531109809875488,0.0,0.0,0,0.0,0.0,-0.0
1.6782045364379883,0.0,0.0,0,0.0,0.0,-0.0
1.7283082008361816,0.0,0.0,0,0.0,0.0,-0.0
1.753401756286621,0.0,0.0,0,0.0,0.0,-0.0
1.8035054206848145,0.0,0.0,0,0.0,0.0,-0.0
1.8536567687988281,0.0,0.0,0,0.0,0.0,-0.0
1.8787026405334473,0.0,0.0,0,0.0,0.0,-0.0
1.928853988647461,0.0,0.0,0,0.0,0.0,-0.0
1.9790053367614746,0.0,0.0,0,0.0,0.0,-0.0
2.0040512084960938,0.0,0.0,0,0.0,0.0,-0.0
2.1293997764587402,0.0,0.0,0,0.0,0.0,-0.0
2.1544575691223145,0.0,0.0,0,0.0,0.0,-0.0
2.204608917236328,0.0,0.0,0,0.0,0.0,-0.0
2.2547006607055664,0.0,0.0,0,0.0,0.0,-0.0
2.30485200881958,0.0,0.0,0,0.0,0.0,-0.0
2.3550033569335938,0.0,0.0,0,0.0,0.0,-0.0
2.380061149597168,0.0,0.0,0,0.0,0.0,-0.0
2.4302005767822266,0.0,0.0,0,0.0,0.0,-0.0
2.48030424118042,0.0,0.0,0,0.0,0.0,-0.0
2.505350112915039,0.0,0.0,0,0.0,0.0,-0.0
2.5555014610290527,0.0,0.0,0,0.0,0.0,-0.0
2.580559253692627,0.0,0.0,0,0.0,0.0,-0.0
2.6307106018066406,0.0,0.0,0,0.0,0.0,-0.0
2.680850028991699,0.0,0.0,0,0.0,0.0,-0.0
2.7059078216552734,0.0,0.0,0,0.0,0.0,-0.0
2.756059169769287,0.0,0.0,0,0.0,0.0,-0.0
2.7811050415039062,0.0,0.0,0,0.0,0.0,-0.0
2.83125638961792,0.0,0.0,0,0.0,0.0,-0.0
2.8814077377319336,0.0,0.0,0,0.0,0.0,-0.0
2.931499481201172,0.0,0.0,0,0.0,0.0,-0.0
2.956557273864746,0.0,0.0,0,0.0,0.0,-0.0
3.0066609382629395,0.0,0.0,0,0.0,0.0,-0.0
3.157055377960205,0.0,0.0,0,0.0,0.0,-0.0
3.2072067260742188,0.0,0.0,0,0.0,0.0,-0.0
3.2573580741882324,0.0,0.0,0,0.0,0.0,-0.0
3.2824039459228516,0.0,0.0,0,0.0,0.0,-0.0
3.332507610321045,0.0,0.0,0,0.0,0.0,-0.0
3.3576011657714844,0.0,0.0,0,0.0,0.0,-0.0
3.4077048301696777,0.0,0.0,0,0.0,0.0,-0.0
3.4578561782836914,0.0,0.0,0,0.0,0.0,-0.0
3.4829020500183105,0.0,0.0,0,0.0,0.0,-0.0
3.533053398132324,0.0,0.0,0,0.0,0.0,-0.0
3.583204746246338,0.0,0.0,0,0.0,0.0,-0.0
3.608250617980957,0.0,0.0,0,0.0,0.0,-0.0
3.6584019660949707,0.0,0.0,0,0.0,0.0,-0.0
3.708505630493164,0.0,0.0,0,0.0,0.0,-0.0
3.7336111068725586,0.0,0.0,0,0.0,0.0,-0.0
3.783702850341797,0.0,0.0,0,0.0,0.0,-0.0
3.8338541984558105,0.0,0.0,0,0.0,0.0,-0.0
3.884005546569824,0.0,0.0,0,0.0,0.0,-0.0
3.9091110229492188,0.0,0.0,0,0.0,0.0,-0.0
3.959202766418457,0.0,0.0,0,0.0,0.0,-0.0
4.009354114532471,0.0,0.0,0,0.0,0.0,-0.0
4.109609127044678,0.0,0.0,0,0.0,0.0,-0.0
4.159760475158691,0.0,0.0,0,0.0,0.0,-0.0
4.20985221862793,0.0,0.0,0,0.0,0.0,-0.0
4.234957695007324,0.0,0.0,0,0.0,0.0,-0.0
4.285061359405518,0.0,0.0,0,0.0,0.0,-0.0
4.310107231140137,0.0,0.0,0,0.0,0.0,-0.0
4.36025857925415,0.0,0.0,0,0.0,0.0,-0.0
4.410409927368164,0.0,0.0,0,0.0,0.0,-0.0
4.435455799102783,0.0,0.0,0,0.0,0.0,-0.0
4.485607147216797,0.0,0.0,0,0.0,0.0,-0.0
4.510653018951416,0.0,0.0,0,0.0,0.0,-0.0
4.56080436706543,0.0,0.0,0,0.0,0.0,-0.0
4.610908031463623,0.0,0.0,0,0.0,0.0,-0.0
4.6360015869140625,0.0,0.0,0,0.0,0.0,-0.0
4.686152935028076,0.0,0.0,0,0.0,0.0,-0.0
4.7362565994262695,0.0,0.0,0,0.0,0.0,-0.0
4.761302471160889,0.0,0.0,0,0.0,0.0,-0.0
4.811453819274902,0.0,0.0,0,0.0,0.0,-0.0
4.861605167388916,0.0,0.0,0,0.0,0.0,-0.0
4.886651039123535,0.0,0.0,0,0.0,0.0,-0.0
4.936802387237549,0.0,0.0,0,0.0,0.0,-0.0
4.961860179901123,0.0,0.0,0,0.0,0.0,-0.0
5.011999607086182,0.0,0.0,0,0.0,0.0,-0.0
5.112302303314209,0.0,0.0,0,0.0,0.0,-0.0
5.163705348968506,0.0,0.0,0,0.0,0.0,-0.0
5.21390438079834,0.0,0.0,0,0.0,0.0,-0.0
5.238950252532959,0.0,0.0,0,0.0,0.0,-0.0
5.289208889007568,0.0,0.0,0,0.0,0.0,-0.0
5.337953567504883,0.0,0.0,0,0.0,0.0,-0.0
5.388057231903076,0.0,0.0,0,0.0,0.0,-0.0
5.414450168609619,0.0,0.0,0,0.0,0.0,-0.0
5.464053153991699,0.0,0.0,0,0.0,0.0,-0.0
5.513405799865723,0.0,0.0,0,0.0,0.0,-0.0
5.563509464263916,0.0,0.0,0,0.0,0.0,-0.0
5.61366081237793,0.0,0.0,0,0.0,0.0,-0.0
5.640006065368652,0.0,0.0,0,0.0,0.0,-0.0
5.6888580322265625,0.0,0.0,0,0.0,0.0,-0.0
5.74030876159668,0.0,0.0,0,0.0,0.0,-0.0
5.765354633331299,0.0,0.0,0,0.0,0.0,-0.0
5.815458297729492,0.0,0.0,0,0.0,0.0,-0.0
5.865657329559326,0.0,0.0,0,0.0,0.0,-0.0
5.8893561363220215,0.0,0.0,0,0.0,0.0,-0.0
5.940854549407959,0.0,0.0,0,0.0,0.0,-0.0
5.965900421142578,0.0,0.0,0,0.0,0.0,-0.0
6.0160040855407715,0.0,0.0,0,0.0,0.0,-0.0
6.115007400512695,0.0,0.0,0,0.0,0.0,-0.0
6.165051460266113,0.0,0.0,0,0.0,0.0,-0.0
6.215202808380127,0.0,0.0,0,0.0,0.0,-0.0
6.26530647277832,0.0,0.0,0,0.0,0.0,-0.0
6.29040002822876,0.0,0.0,0,0.0,0.0,-0.0
6.340551376342773,0.0,0.0,0,0.0,0.0,-0.0
6.365609169006348,0.0,0.0,0,0.0,0.0,-0.0
6.415760517120361,0.0,0.0,0,0.0,0.0,-0.0
6.4658522605896,0.0,0.0,0,0.0,0.0,-0.0
6.490910053253174,0.0,0.0,0,0.0,0.0,-0.0
6.541049480438232,0.0,0.0,0,0.0,0.0,-0.0
6.591200828552246,0.0,0.0,0,0.0,0.0,-0.0
6.61625862121582,0.0,0.0,0,0.0,0.0,-0.0
6.666409969329834,0.0,0.0,0,0.0,0.0,-0.0
6.716501712799072,0.0,0.0,0,0.0,0.0,-0.0
6.741607189178467,0.0,0.0,0,0.0,0.0,-0.0
6.79171085357666,0.0,0.0,0,0.0,0.0,-0.0
6.841850280761719,0.0,0.0,0,0.0,0.0,-0.0
6.866908073425293,0.0,0.0,0,0.0,0.0,-0.0
6.917059421539307,0.0,0.0,0,0.0,0.0,-0.0
6.942152976989746,0.0,0.0,0,0.0,0.0,-0.0
6.9922566413879395,0.0,0.0,0,0.0,0.0,-0.0
7.042407989501953,0.0,0.0,0,0.0,0.0,-0.0
7.142651081085205,0.0,0.0,0,0.0,0.0,-0.0
7.1929097175598145,0.0,0.0,0,0.0,0.0,-0.0
7.243001461029053,0.0,0.0,0,0.0,0.0,-0.0
7.29445219039917,0.0,0.0,0,0.0,0.0,-0.0
7.343959808349609,0.0,0.0,0,0.0,0.0,-0.0
7.393360137939453,0.0,0.0,0,0.0,0.0,-0.0
7.419800758361816,0.0,0.0,0,0.0,0.0,-0.0
7.46990442276001,0.0,0.0,0,0.0,0.0,-0.0
7.494950294494629,0.0,0.0,0,0.0,0.0,-0.0
7.543802261352539,0.0,0.0,0,0.0,0.0,-0.0
7.594859600067139,0.0,0.0,0,0.0,0.0,-0.0
7.619905471801758,0.0,0.0,0,0.0,0.0,-0.0
7.6700568199157715,0.0,0.0,0,0.0,0.0,-0.0
7.720208168029785,0.0,0.0,0,0.0,0.0,-0.0
7.745254039764404,0.0,0.0,0,0.0,0.0,-0.0
7.795405387878418,0.0,0.0,0,0.0,0.0,-0.0
7.845509052276611,0.0,0.0,0,0.0,0.0,-0.0
7.870602607727051,0.0,0.0,0,0.0,0.0,-0.0
7.9207539558410645,0.0,0.0,0,0.0,0.0,-0.0
7.970905303955078,0.0,0.0,0,0.0,0.0,-0.0
8.021008968353271,0.0,0.0,0,0.0,0.0,-0.0
8.146309852600098,0.0,0.0,0,0.0,0.0,-0.0
8.22155475616455,0.0,0.0,0,0.0,0.0,-0.0
8.246660232543945,0.0,0.0,0,0.0,0.0,-0.0
8.296751976013184,0.0,0.0,0,0.0,0.0,-0.0
8.346903324127197,0.0,0.0,0,0.0,0.0,-0.0
8.371961116790771,0.0,0.0,0,0.0,0.0,-0.0
8.42210054397583,0.0,0.0,0,0.0,0.0,-0.0
8.472204208374023,0.0,0.0,0,0.0,0.0,-0.0
8.497309684753418,0.0,0.0,0,0.0,0.0,-0.0
8.547401428222656,0.0,0.0,0,0.0,0.0,-0.0
8.57250690460205,0.0,0.0,0,0.0,0.0,-0.0
8.622658252716064,0.0,0.0,0,0.0,0.0,-0.0
8.672749996185303,0.0,0.0,0,0.0,0.0,-0.0
8.697807788848877,0.0,0.0,0,0.0,0.0,-0.0
8.74795913696289,0.0,0.0,0,0.0,0.0,-0.0
8.798110485076904,0.0,0.0,0,0.0,0.0,-0.0
8.848202228546143,0.0,0.0,0,0.0,0.0,-0.0
8.898401260375977,0.0,0.0,0,0.0,0.0,-0.0
8.92345905303955,0.0,0.0,0,0.0,0.0,-0.0
8.973550796508789,0.0,0.0,0,0.0,0.0,-0.0
9.023702144622803,0.0,0.0,0,0.0,0.0,-0.0
9.12390947341919,0.0,0.0,0,0.0,0.0,-0.0
9.174001216888428,0.0,0.0,0,0.0,0.0,-0.0
9.199106693267822,0.0,0.0,0,0.0,0.0,-0.0
9.249258041381836,0.0,0.0,0,0.0,0.0,-0.0
9.299349784851074,0.0,0.0,0,0.0,0.0,-0.0
9.349501132965088,0.0,0.0,0,0.0,0.0,-0.0
9.374558925628662,0.0,0.0,0,0.0,0.0,-0.0
9.424710273742676,0.0,0.0,0,0.0,0.0,-0.0
9.449756145477295,0.0,0.0,0,0.0,0.0,-0.0
9.499907493591309,0.0,0.0,0,0.0,0.0,-0.0
9.550058841705322,0.0,0.0,0,0.0,0.0,-0.0
9.575104713439941,0.0,0.0,0,0.0,0.0,-0.0
9.625256061553955,0.0,0.0,0,0.0,0.0,-0.0
9.675359725952148,0.0,0.0,0,0.0,0.0,-0.0
9.700453281402588,0.0,0.0,0,0.0,0.0,-0.0
9.750556945800781,0.0,0.0,0,0.0,0.0,-0.0
9.800708293914795,0.0,0.0,0,0.0,0.0,-0.0
9.825754165649414,0.0,0.0,0,0.0,0.0,-0.0
9.875905513763428,0.0,0.0,0,0.0,0.0,-0.0
9.900951385498047,0.0,0.0,0,0.0,0.0,-0.0
9.95110273361206,0.0,0.0,0,0.0,0.0,-0.0
10.001206398010254,0.0,0.0,0,0.0,0.0,-0.0
10.101509094238281,0.0,0.0,0,0.0,0.0,-0.0
10.151660442352295,0.0,0.0,0,0.0,0.0,-0.0
10.176706314086914,0.0,0.0,0,0.0,0.0,-0.0
10.226857662200928,0.0,0.0,0,0.0,0.0,-0.0
10.251903533935547,0.0,0.0,0,0.0,0.0,-0.0
10.30205488204956,0.0,0.0,0,0.0,0.0,-0.0
10.352158546447754,0.0,0.0,0,0.0,0.0,-0.0
10.377252101898193,0.0,0.0,0,0.0,0.0,-0.0
10.427355766296387,0.0,0.0,0,0.0,0.0,-0.0
10.452461242675781,0.0,0.0,0,0.0,0.0,-0.0
10.50255298614502,0.0,0.0,0,0.0,0.0,-0.0
10.552704334259033,0.0,0.0,0,0.0,0.0,-0.0
10.577809810638428,0.0,0.0,0,0.0,0.0,-0.0
10.627901554107666,0.0,0.0,0,0.0,0.0,-0.0
10.67800521850586,0.0,0.0,0,0.0,0.0,-0.0
10.703110694885254,0.0,0.0,0,0.0,0.0,-0.0
10.753202438354492,0.0,0.0,0,0.0,0.0,-0.0
10.803353786468506,0.0,0.0,0,0.0,0.0,-0.0
10.8284592628479,0.0,0.0,0,0.0,0.0,-0.0
10.878551006317139,0.0,0.0,0,0.0,0.0,-0.0
10.903656482696533,0.0,0.0,0,0.0,0.0,-0.0
10.953760147094727,0.0,0.0,0,0.0,0.0,-0.0
11.003899574279785,0.0,0.0,0,0.0,0.0,-0.0
11.104154586791992,0.0,0.0,0,0.0,0.0,-0.0
11.154305934906006,0.0,0.0,0,0.0,0.0,-0.0
11.179351806640625,0.0,0.0,0,0.0,0.0,-0.0
11.229503154754639,0.0,0.0,0,0.0,0.0,-0.0
11.279606819152832,0.0,0.0,0,0.0,0.0,-0.0
11.304700374603271,0.0,0.0,0,0.0,0.0,-0.0
11.354804039001465,0.0,0.0,0,0.0,0.0,-0.0
11.37990951538086,0.0,0.0,0,0.0,0.0,-0.0
11.430060863494873,0.0,0.0,0,0.0,0.0,-0.0
11.480152606964111,0.0,0.0,0,0.0,0.0,-0.0
11.505258083343506,0.0,0.0,0,0.0,0.0,-0.0
11.555349826812744,0.0,0.0,0,0.0,0.0,-0.0
11.605501174926758,0.0,0.0,0,0.0,0.0,-0.0
11.630558967590332,0.0,0.0,0,0.0,0.0,-0.0
11.680710315704346,0.0,0.0,0,0.0,0.0,-0.0
11.730849742889404,0.0,0.0,0,0.0,0.0,-0.0
11.755907535552979,0.0,0.0,0,0.0,0.0,-0.0
11.806011199951172,0.0,0.0,0,0.0,0.0,-0.0
11.831104755401611,0.0,0.0,0,0.0,0.0,-0.0
11.881208419799805,0.0,0.0,0,0.0,0.0,-0.0
11.931359767913818,0.0,0.0,0,0.0,0.0,-0.0
11.956405639648438,0.0,0.0,0,0.0,0.0,-0.0
12.006556987762451,116.6834831237793,116.6834831237793,0,111.11111111111111,5.572372012668185,-0.0
12.106859683990479,125.67524629276068,125.67524629276068,0,109.1543942333504,16.52085205941027,-0.0
12.156951427459717,126.71683675351022,126.71683675351022,0,104.93938780057465,21.77744895293557,-0.0
12.20710277557373,129.75080526527498,129.75080526527498,0,102.81694777257655,26.933857492698415,-0.0
12.257254123687744,132.62225312048358,132.62225312048358,0,100.64110836746809,31.981144753015485,-0.0
12.307357788085938,135.3293250234347,135.3293250234347,0,98.41712182734578,36.912203196088925,-0.0
12.357509136199951,137.88415427598702,137.88415427598702,0,96.14990378409313,41.734250491893896,-0.0
12.407660484313965,140.27803064080476,140.27803064080476,0,93.83769332476454,46.44033731604022,-0.0
12.457752227783203,141.4853488309032,141.4853488309032,0,91.48534883090322,50.0,-0.0
12.482810020446777,139.1155896550531,139.1155896550531,0,89.11558965505311,50.0,-0.0
12.532949447631836,137.9500082770171,137.9500082770171,0,87.95000827701712,50.0,-0.0
12.58310079574585,135.63728501740144,135.63728501740144,0,85.63728501740144,50.0,-0.0
12.633252143859863,133.36280996725196,133.36280996725196,0,83.36280996725198,50.0,-0.0
12.658309936523438,131.12649273120138,131.12649273120138,0,81.12649273120137,50.0,-0.0
12.708461284637451,130.0278775930662,130.0278775930662,0,80.0278775930662,50.0,-0.0
12.75855302810669,127.84751146608097,127.84751146608097,0,77.84751146608097,50.0,-0.0
12.808704376220703,125.70627544211229,125.70627544211229,0,75.70627544211229,50.0,-0.0
12.833750247955322,123.59841847462893,123.59841847462893,0,73.59841847462893,50.0,-0.0
12.883901596069336,122.5634055995999,122.5634055995999,0,72.5634055995999,50.0,-0.0
12.93405294418335,120.50828378865826,120.50828378865826,0,70.50828378865826,50.0,-0.0
12.984204292297363,118.48764690756121,118.48764690756121,0,68.48764690756121,50.0,-0.0
13.009250164031982,199.83425073062466,199.83425073062466,0,149.83425073062466,50.0,-0.0
13.134551048278809,198.16082018951428,198.16082018951428,0,148.16082018951428,50.0,-0.0
13.184702396392822,189.85905207206483,189.85905207206483,0,139.85905207206483,50.0,-0.0
13.234853744506836,186.67561894788034,186.67561894788034,0,136.67561894788034,50.0,-0.0
13.259899616241455,183.5456179004044,183.5456179004044,0,133.5456179004044,50.0,-0.0
13.310050964355469,182.0087150943253,182.0087150943253,0,132.0087150943253,50.0,-0.0
13.360202312469482,178.95705020239947,178.95705020239947,0,128.95705020239947,50.0,-0.0
13.410305976867676,175.95661206747408,175.95661206747408,0,125.95661206747408,50.0,-0.0
13.435399532318115,173.0093481071226,173.0093481071226,0,123.0093481071226,50.0,-0.0
13.485503196716309,171.55801894132713,171.55801894132713,0,121.55801894132713,50.0,-0.0
13.535654544830322,168.68452961769802,168.68452961769802,0,118.68452961769802,50.0,-0.0
13.585758209228516,165.8565493428357,165.8565493428357,0,115.8565493428357,50.0,-0.0
13.610851764678955,163.07869459374547,163.07869459374547,0,113.07869459374548,50.0,-0.0
13.660955429077148,161.71079177559733,161.71079177559733,0,111.71079177559733,50.0,-0.0
13.711106777191162,159.00248203644534,159.00248203644534,0,109.00248203644534,50.0,-0.0
13.761210441589355,156.33707235589253,156.33707235589253,0,106.33707235589252,50.0,-0.0
13.786303997039795,153.71891347789938,153.71891347789938,0,103.71891347789939,50.0,-0.0
13.836503028869629,152.42965321320833,152.42965321320833,0,102.42965321320834,50.0,-0.0
13.886606693267822,149.8721923769823,149.8721923769823,0,99.87219237698228,50.0,-0.0
13.936710357666016,147.3625001356083,147.3625001356083,0,97.36250013560827,50.0,-0.0
13.986849784851074,144.89491807567794,144.89491807567794,0,94.89491807567794,50.0,-0.0
14.011907577514648,253.57812062986466,253.57812062986466,0,203.57812062986466,50.0,-0.0
14.137256145477295,251.45414770063246,251.45414770063246,0,201.45414770063246,50.0,-0.0
14.162302017211914,240.91840006154086,240.91840006154086,0,190.91840006154086,50.0,-0.0
14.212453365325928,238.90164221806288,238.90164221806288,0,188.90164221806288,50.0,-0.0
14.262557029724121,234.8972090976493,234.8972090976493,0,184.8972090976493,50.0,-0.0
14.312708377838135,230.96379819899374,230.96379819899374,0,180.96379819899374,50.0,-0.0
14.337754249572754,227.09273357101162,227.09273357101162,0,177.09273357101162,50.0,-0.0
14.387905597686768,225.19198606434153,225.19198606434153,0,175.19198606434153,50.0,-0.0
14.438056945800781,221.41790767264396,221.41790767264396,0,171.41790767264396,50.0,-0.0
14.488160610198975,217.70725154246432,217.70725154246432,0,167.70725154246432,50.0,-0.0
14.538300037384033,214.06242437026253,214.06242437026253,0,164.06242437026253,50.0,-0.0
14.563357830047607,210.47623849143991,210.47623849143991,0,160.47623849143991,50.0,-0.0
14.613509178161621,208.71411436434852,208.71411436434852,0,158.71411436434852,50.0,-0.0
14.663660526275635,205.21696959639544,205.21696959639544,0,155.21696959639544,50.0,-0.0
14.713752269744873,201.77860853770292,201.77860853770292,0,151.77860853770292,50.0,-0.0
14.763903617858887,198.40206405102498,198.40206405102498,0,148.40206405102498,50.0,-0.0
14.788949489593506,195.078264503197,195.078264503197,0,145.078264503197,50.0,-0.0
14.83910083770752,193.44624618391845,193.44624618391845,0,143.44624618391845,50.0,-0.0
14.889252185821533,190.20576385498072,190.20576385498072,0,140.20576385498072,50.0,-0.0
14.939355850219727,187.01976406141515,187.01976406141515,0,137.01976406141515,50.0,-0.0
14.98950719833374,183.8903118159936,183.8903118159936,0,133.8903118159936,50.0,-0.0
15.01455307006836,255,255.0,0,241.92161347008576,50.0,-0.0
15.139901638031006,255,255.0,0,239.7880836720511,50.0,-0.0
15.16495943069458,255,255.0,0,229.11052980975106,50.0,-0.0
15.215110778808594,255,255.0,0,226.97629367869743,50.0,-0.0
15.265202522277832,255,255.0,0,222.70488273878541,50.0,-0.0
15.315353870391846,255,255.0,0,218.43876654655375,50.0,-0.0
15.340399742126465,255,255.0,0,214.16779710159278,50.0,-0.0
15.390551090240479,255,255.0,0,212.0349643342633,50.0,-0.0
15.440702438354492,255,255.0,0,207.76433879948627,50.0,-0.0
15.490806102752686,253.49394869164666,253.49394869164666,0,203.49394869164666,50.0,-0.0
15.515899658203125,249.25309052934094,249.25309052934094,0,199.25309052934094,50.0,-0.0
15.591108798980713,247.16483549078632,247.16483549078632,0,197.16483549078632,50.0,-0.0
15.616202354431152,240.95872086598894,240.95872086598894,0,190.95872086598894,50.0,-0.0
15.666306018829346,238.9403065492272,238.9403065492272,0,188.9403065492272,50.0,-0.0
15.71645736694336,234.94412737058258,234.94412737058258,0,184.94412737058258,50.0,-0.0
15.766561031341553,231.0114034749175,231.0114034749175,0,181.0114034749175,50.0,-0.0
15.791606903076172,227.148550472957,227.148550472957,0,177.148550472957,50.0,-0.0
15.841758251190186,225.25005615623562,225.25005615623562,0,175.25005615623562,50.0,-0.0
15.8919095993042,221.48050785594899,221.48050785594899,0,171.48050785594899,50.0,-0.0
15.942001342773438,217.7744172980851,217.7744172980851,0,167.7744172980851,50.0,-0.0
15.967106819152832,214.13505042615876,214.13505042615876,0,164.13505042615876,50.0,-0.0
16.017258167266846,212.3417095935674,212.3417095935674,0,162.3417095935674,50.0,-0.0
16.142559051513672,208.7894801191008,208.7894801191008,0,158.7894801191008,50.0,-0.0
16.19415283203125,200.06383100318837,200.06383100318837,0,150.06383100318837,50.0,-0.0
16.244351863861084,196.62212589368067,196.62212589368067,0,146.62212589368067,50.0,-0.0
16.293001174926758,193.3314781327046,193.3314781327046,0,143.3314781327046,50.0,-0.0
16.318106651306152,190.19617852727356,190.19617852727356,0,140.19617852727356,50.0,-0.0
16.368210315704346,188.60464209465343,188.60464209465343,0,138.60464209465343,50.0,-0.0
16.418349742889404,185.45515200825932,185.45515200825932,0,135.45515200825932,50.0,-0.0
16.468501091003418,182.356451283274,182.356451283274,0,132.356451283274,50.0,-0.0
16.51860475540161,179.30921091141096,179.30921091141096,0,129.30921091141096,50.0,-0.0
16.543710231781006,176.31615177964983,176.31615177964983,0,126.31615177964983,50.0,-0.0
16.593801975250244,174.84165883415108,174.84165883415108,0,124.84165883415108,50.0,-0.0
16.643953323364258,171.92448566720458,171.92448566720458,0,121.92448566720459,50.0,-0.0
16.69410467147827,169.05298879785758,169.05298879785758,0,119.05298879785758,50.0,-0.0
16.71915054321289,166.22987207661305,166.22987207661305,0,116.22987207661306,50.0,-0.0
16.769301891326904,164.84374666128042,164.84374666128042,0,114.84374666128043,50.0,-0.0
16.819405555725098,162.09155293809084,162.09155293809084,0,112.09155293809086,50.0,-0.0
16.86955690383911,159.3883071291151,159.3883071291151,0,109.38830712911512,50.0,-0.0
16.89460277557373,156.72804104990053,156.72804104990053,0,106.72804104990053,50.0,-0.0
16.944754123687744,155.42187725825025,155.42187725825025,0,105.42187725825025,50.0,-0.0
16.994905471801758,152.82845304008612,152.82845304008612,0,102.82845304008612,50.0,-0.0
17.04500913619995,150.27873520329993,150.27873520329993,0,100.27873520329993,50.0,-0.0
17.145252227783203,147.77437232750677,147.77437232750677,0,97.77437232750677,50.0,-0.0
17.197060585021973,142.84822656791567,142.84822656791567,0,92.84822656791567,50.0,-0.0
17.24555492401123,140.38803453172397,140.38803453172397,0,90.38803453172397,50.0,-0.0
17.296910285949707,138.1253123725379,138.1253123725379,0,88.12531237253789,50.0,-0.0
17.347049713134766,135.76815408678686,135.76815408678686,0,85.76815408678686,50.0,-0.0
17.39715337753296,133.50653195218115,133.50653195218115,0,83.50653195218113,50.0,-0.0
17.42100715637207,131.284613055103,131.284613055103,0,81.284613055103,50.0,-0.0
17.472457885742188,130.24459954085197,130.24459954085197,0,80.24459954085197,50.0,-0.0
17.521250247955322,128.01935985786878,128.01935985786878,0,78.01935985786876,50.0,-0.0
17.571401596069336,125.94559400447451,125.94559400447451,0,75.94559400447451,50.0,-0.0
17.597758769989014,123.84903243642765,123.84903243642765,0,73.84903243642765,50.0,-0.0
17.64810085296631,122.76575681720558,122.76575681720558,0,72.76575681720558,50.0,-0.0
17.698204517364502,120.71503984485754,120.71503984485754,0,70.71503984485754,50.0,-0.0
17.748355865478516,118.70858009680254,118.70858009680254,0,68.70858009680254,50.0,-0.0
17.77195930480957,116.73404361239292,116.73404361239292,0,66.73404361239292,50.0,-0.0
17.82355308532715,115.82040990571008,115.82040990571008,0,65.82040990571008,50.0,-0.0
17.8739070892334,113.83918541624176,113.83918541624176,0,63.83918541624176,50.0,-0.0
17.923808097839355,111.93911379138237,111.93911379138237,0,61.93911379138237,50.0,-0.0
17.97245740890503,110.0880180280051,110.0880180280051,0,60.088018028005095,50.0,-0.0
18.022608757019043,108.31363683745722,108.31363683745722,0,58.313636837457224,50.0,-0.0
18.17300319671631,106.51439649845634,106.51439649845634,0,56.514396498456335,50.0,-0.0
18.199408054351807,101.20981157812632,101.20981157812632,0,51.20981157812632,50.0,-0.0
18.24955940246582,100.32558709849795,100.32558709849795,0,50.32558709849795,50.0,-0.0
18.29965114593506,98.66107359529445,98.66107359529445,0,48.661073595294454,50.0,-0.0
18.34850311279297,97.02658089819253,97.02658089819253,0,47.026580898192535,50.0,-0.0
18.374955654144287,95.45939802201748,95.45939802201748,0,45.45939802201748,50.0,-0.0
18.4251070022583,94.6247376640283,94.6247376640283,0,44.6247376640283,50.0,-0.0
18.475210666656494,93.05638536800336,93.05638536800336,0,43.05638536800336,50.0,-0.0
18.525254726409912,91.51595538892948,91.51595538892948,0,41.51595538892949,50.0,-0.0
18.575501441955566,90.0032882638409,90.0032882638409,0,40.0032882638409,50.0,-0.0
18.600499629974365,88.510062232819,88.510062232819,0,38.51006223281899,50.0,-0.0
18.650710582733154,87.7797254863943,87.7797254863943,0,37.7797254863943,50.0,-0.0
18.69940757751465,86.32511869673536,86.32511869673536,0,36.32511869673536,50.0,-0.0
18.750905990600586,84.93819965181646,84.93819965181646,0,34.93819965181646,50.0,-0.0
18.80115270614624,83.49552181122597,83.49552181122597,0,33.49552181122597,50.0,-0.0
18.849849700927734,82.11229534880431,82.11229534880431,0,32.11229534880431,50.0,-0.0
18.900001049041748,80.79439140400254,80.79439140400254,0,30.794391404002532,50.0,-0.0
18.95005702972412,79.45936364868649,79.45936364868649,0,29.459363648686487,50.0,-0.0
18.97510290145874,78.14935699261048,78.14935699261048,0,28.149356992610475,50.0,-0.0
19.026410579681396,77.50492433247956,77.50492433247956,0,27.504924332479554,50.0,-0.0
19.1506028175354,76.19589719004152,76.19589719004152,0,26.195897190041517,50.0,-0.0
19.202256202697754,73.08204275442009,73.08204275442009,0,23.082042754420094,50.0,-0.0
19.227111339569092,71.84106145547018,71.84106145547018,0,21.84106145547018,50.0,-0.0
19.27720308303833,71.25429100517779,71.25429100517779,0,21.254291005177794,50.0,-0.0
19.327306747436523,70.08163437278037,70.08163437278037,0,20.081634372780364,50.0,-0.0
19.377458095550537,68.92846845932192,68.92846845932192,0,18.928468459321923,50.0,-0.0
19.402503967285156,67.79366513271171,67.79366513271171,0,17.793665132711702,50.0,-0.0
19.45265531539917,67.23650170728885,67.23650170728885,0,17.236501707288852,50.0,-0.0
19.502806663513184,66.13025152095054,66.13025152095054,0,16.130251520950534,50.0,-0.0
19.551610946655273,65.04267050462306,65.04267050462306,0,15.042670504623068,50.0,-0.0
19.60310935974121,64.00216333505328,64.00216333505328,0,14.002163335053286,50.0,-0.0
19.62820291519165,62.92224927724597,62.92224927724597,0,12.922249277245967,50.0,-0.0
19.67700719833374,62.40516047587974,62.40516047587974,0,12.40516047587974,50.0,-0.0
19.727110862731934,61.407970608865895,61.407970608865895,0,11.407970608865892,50.0,-0.0
19.778406620025635,60.401045158628186,60.401045158628186,0,10.401045158628186,50.0,-0.0
19.82855796813965,59.38754471376883,59.38754471376883,0,9.387544713768836,50.0,-0.0
19.878804683685303,58.41376123249597,58.41376123249597,0,8.413761232495975,50.0,-0.0
19.90375518798828,57.454592937210066,57.454592937210066,0,7.454592937210069,50.0,-0.0
19.953906536102295,56.98636263437624,56.98636263437624,0,6.986362634376242,50.0,-0.0
20.00401020050049,56.05310714059648,56.05310714059648,0,6.053107140596481,50.0,-0.0
20.128154754638672,55.13647623164432,55.13647623164432,0,5.136476231644327,50.0,-0.0
20.15320062637329,52.90358933091888,52.90358933091888,0,2.9035893309188765,50.0,-0.0
20.203351974487305,52.471932216391615,52.471932216391615,0,2.4719322163916146,50.0,-0.0
20.25350332260132,51.61487701348628,51.61487701348628,0,1.6148770134862822,50.0,-0.0
20.30360698699951,50.77228889063727,50.77228889063727,0,0.7722888906372738,50.0,-0.0
20.32870054244995,49.94332405454521,49.94332405454521,0,-0.055288558935373544,49.99861261348058,-0.0
20.378804206848145,49.51266151368124,49.51266151368124,0,-0.46276488338685695,49.9754263970681,-0.0
20.428955554962158,48.64267706438119,48.64267706438119,0,-1.2691021490192078,49.91177921340039,-0.0
20.479106903076172,47.74686291886016,47.74686291886016,0,-2.0615278916017665,49.80839081046192,-0.0
20.50415277481079,46.89844656490458,46.89844656490458,0,-2.8388429491775113,49.73728951408209,-0.0
20.554304122924805,46.35591779204346,46.35591779204346,0,-3.2198899026424144,49.57580769468588,-0.0
20.60445547103882,45.402768680882396,45.402768680882396,0,-3.973750089735084,49.37651877061748,-0.0
20.65455913543701,44.42891122038721,44.42891122038721,0,-4.711542029582105,49.14045324996931,-0.0
20.704710483551025,43.43578515548984,43.43578515548984,0,-5.43223422483301,48.86801938032285,-0.0
20.754802227020264,42.423735408788204,42.423735408788204,0,-6.136877098227966,48.56061250701617,-0.0
20.779907703399658,41.56564957808164,41.56564957808164,0,-6.82365189740306,48.3893014754847,-0.0
20.829999446868896,40.86999946867677,40.86999946867677,0,-7.160614349719641,48.030613818396404,-0.0
20.88015079498291,39.81711818824032,39.81711818824032,0,-7.821249427434296,47.63836761567462,-0.0
20.930302143096924,38.748899819058735,38.748899819058735,0,-8.464939660917103,47.21383947997584,-0.0
20.955359935760498,37.89540445430657,37.89540445430657,0,-9.090643564062528,46.986048018369104,-0.0
21.00551128387451,37.11873590819733,37.11873590819733,0,-9.396085743157556,46.514821651354886,-0.0
21.130859851837158,35.26769751081939,35.26769751081939,0,-9.994347050085572,45.26204456090496,-0.0
21.155905723571777,33.564332731293916,33.564332731293916,0,-11.411891069631608,44.976223800925524,-0.0
21.20600938796997,32.71018938039962,32.71018938039962,0,-11.68078432290347,44.39097370330309,-0.0
21.256160736083984,31.574550429253083,31.574550429253083,0,-12.204358254709913,43.778908683962996,-0.0
21.306300163269043,30.432343717186935,30.432343717186935,0,-12.709326610612148,43.14167032779908,-0.0
21.331357955932617,29.616066006437627,29.616066006437627,0,-13.194967560039395,42.81103356647702,-0.0
21.38150930404663,28.7066551722266,28.7066551722266,0,-13.430805397317958,42.13746056954456,-0.0
21.43160104751587,27.554269148377095,27.554269148377095,0,-13.887540314323665,41.44180946270076,-0.0
21.481752395629883,26.39904442519924,26.39904442519924,0,-14.324378161792684,40.72342258699192,-0.0
21.506810188293457,25.611699598228242,25.611699598228242,0,-14.742313162164677,40.35401276039292,-0.0
21.556949615478516,24.660192872615447,24.660192872615447,0,-14.94451068259135,39.6047035552068,-0.0
21.60710096359253,23.50260438682206,23.50260438682206,0,-15.333122408786881,38.83572679560894,-0.0
21.657204627990723,22.346610857275184,22.346610857275184,0,-15.702369677743722,38.048980535018906,-0.0
21.682310104370117,21.594134606187684,21.594134606187684,0,-16.051856426471023,37.645991032658706,-0.0
21.732401847839355,20.612834038887954,20.612834038887954,0,-16.220637005960548,36.8334710448485,-0.0
21.78255319595337,19.46297957565062,19.46297957565062,0,-16.54094097997767,36.00392055562829,-0.0
21.832656860351562,18.317752585584582,18.317752585584582,0,-16.842306688054,35.16005927363858,-0.0
21.857750415802002,17.6061885871263,17.6061885871263,0,-17.12416451471972,34.73035310184602,-0.0
21.907901763916016,16.605432550830347,16.605432550830347,0,-17.259341316436494,33.86477386726684,-0.0
21.95800542831421,15.474618685202834,15.474618685202834,0,-17.512704512466648,32.98732319766948,-0.0
22.008156776428223,14.350442191433263,14.350442191433263,0,-17.74685243199139,32.09729462342465,-0.0
22.108399868011475,12.334349435907075,12.334349435907075,0,-17.96234426619181,30.296693702098885,-0.0
22.15855121612549,11.05220334507198,11.05220334507198,0,-18.32544460528327,29.37764795035525,-0.0
22.208702564239502,9.96501245038781,9.96501245038781,0,-18.48555975748729,28.4505722078751,-0.0
22.258853912353516,8.888956992163848,8.888956992163848,0,-18.627424752481936,27.516381744645784,-0.0
22.30895757675171,7.825648051443135,7.825648051443135,0,-18.751228436563228,26.576876488006363,-0.0
22.334003448486328,7.247498424629768,7.247498424629768,0,-18.857085908425475,26.104584333055243,-0.0
22.384154796600342,6.251311319541898,6.251311319541898,0,-18.905154051526196,25.156465371068094,-0.0
22.434258460998535,5.220569004123298,5.220569004123298,0,-18.984693647717066,24.205262651840364,-0.0
22.48440980911255,4.203156099765675,4.203156099765675,0,-19.04687985022049,23.250035949986163,-0.0
22.509455680847168,3.67980218466316,3.67980218466316,0,-19.092056565435023,22.771858750098183,-0.0
22.55960702896118,2.7032223330633975,2.7032223330633975,0,-19.110232494655577,21.813454827718974,-0.0
22.609758377075195,1.7237982629164748,1.7237982629164748,0,-19.130248797834604,20.85404706075108,-0.0
22.65990972518921,0.760620890925928,0.760620890925928,0,-19.13383838044993,19.894459271375858,-0.0
22.684955596923828,0.29427465619712834,0.29427465619712834,0,-19.121275599120846,19.415550255317974,-0.0
22.73505926132202,-0.6530825954266746,-0.6530825954266746,0,-19.111096867037247,18.458014271610573,-0.0
22.785210609436035,-1.5734800750778142,-1.5734800750778142,0,-19.074864192350294,17.50138411727248,-0.0
22.835350036621094,-2.475593256468322,-2.475593256468322,0,-19.02316669253139,16.547573436063068,-0.0
22.860407829284668,-2.883794328067811,-2.883794328067811,0,-18.956363146744337,16.072568818676526,-0.0
22.91055917739868,-3.795833589623655,-3.795833589623655,0,-18.91956092232059,15.123727332696934,-0.0
22.960710525512695,-4.65126717061729,-4.65126717061729,0,-18.830613833737875,14.179346663120585,-0.0
23.010849952697754,-5.486962962762629,-5.486962962762629,0,-18.7273319301986,13.24036896743597,-0.0
23.136210441589355,-7.702674969751216,-7.702674969751216,0,-18.6100757436531,10.907400773901882,-0.0
23.187661170959473,-8.254304644803776,-8.254304644803776,0,-18.224064032163145,9.96975938735937,-0.0
23.212707042694092,-8.538665674293634,-8.538665674293634,0,-18.05619199298114,9.517526318687507,-0.0
23.262810707092285,-9.355043080949322,-9.355043080949322,0,-17.972101269118568,8.617058188169246,-0.0
23.312950134277344,-10.065145225516657,-10.065145225516657,0,-17.790212356624213,7.725067131107556,-0.0
23.361802101135254,-10.730856695511973,-10.730856695511973,0,-17.59630949819231,6.865452802680336,-0.0
23.386859893798828,-10.966999021243542,-10.966999021243542,0,-17.396533104330558,6.429534083087016,-0.0
23.43815565109253,-11.749571131907246,-11.749571131907246,0,-17.292094150357684,5.542523018450439,-0.0
23.488402366638184,-12.37981848102827,-12.37981848102827,0,-17.064886977691884,4.685068496663614,-0.0
23.537302017211914,-12.969762589190005,-12.969762589190005,0,-16.831763721340476,3.862001132150471,-0.0
23.562300205230713,-13.148120987404646,-13.148120987404646,0,-16.59527042914455,3.447149441739903,-0.0
23.612606525421143,-13.854435756902065,-13.854435756902065,0,-16.47289449377496,2.6184587368728938,-0.0
23.663699626922607,-14.424761957418939,-14.424761957418939,0,-16.214758397658535,1.7899964402395967,-0.0
23.713910579681396,-14.953382157849473,-14.953382157849473,0,-15.942871814568349,0.9894896567188758,-0.0
23.764002323150635,-15.462125156815375,-15.462125156815375,0,-15.666835698738346,0.20471054192297,-0.0
23.78910779953003,-15.564451668545887,-15.564451668545887,0,-15.382965532644022,-0.1814861359018647,-0.0
23.83805513381958,-16.167286215809497,-16.167286215809497,0,-15.239850045221548,-0.9274361705879494,-0.0
23.888206481933594,-16.628219571931858,-16.628219571931858,0,-14.950971999932428,-1.6772475719994315,-0.0
23.938310146331787,-17.058422310328446,-17.058422310328446,0,-14.647291748233116,-2.4111305620953307,-0.0
23.98960590362549,-17.48327160309138,-17.48327160309138,0,-14.336727734729493,-3.146543868361889,-0.0
24.014699459075928,-102.93412985174042,-63.75,15.67365194069617,-97.34485740623992,-5.589272445500492,-0.0
24.138808250427246,-113.34431820843454,-63.75,19.837727283373816,-95.85820037347017,-17.486117834964368,-0.0
24.18895959854126,-109.13442822112974,-63.75,18.153771288451896,-87.27152571937205,-21.86290250175769,-0.0
24.239110946655273,-110.08023700689935,-63.75,18.53209480275974,-84.00440056909208,-26.075836437807276,-0.0
24.264156818389893,-108.78917016275729,-63.75,18.015668065102915,-80.69232412494824,-28.096846037809044,-0.0
24.314260482788086,-111.12783910280604,-63.75,18.951135641122413,-79.06932989571219,-32.05850920709384,-0.0
24.364399909973145,-111.56540766186313,-63.75,19.126163064745253,-75.71080220070469,-35.85460546115845,-0.0
24.414551258087158,-111.81130145784483,-63.75,19.224520583137934,-72.32928485317704,-39.48201660466779,-0.0
24.464702606201172,-111.87477668904478,-63.75,19.24991067561791,-68.93554935142299,-42.93922733762178,-0.0
24.489760398864746,-110.12063156754547,-63.75,18.54825262701819,-65.53913809616074,-44.58149347138474,-0.0
24.539899826049805,-111.66893419309496,-63.75,19.167573677237982,-63.884317629651164,-47.78461656344379,-0.0
24.590003490447998,-110.4991120402456,-63.75,18.699644816098242,-60.499112040245606,-50.0,-0.0
24.64015483856201,-107.17267368050156,-63.75,17.369069472200625,-57.17267368050156,-50.0,-0.0
24.690306186676025,-104.00279596361442,-63.75,16.101118385445766,-54.00279596361442,-50.0,-0.0
24.715352058410645,-100.98512430838804,-63.75,14.894049723355215,-50.98512430838804,-50.0,-0.0
24.765503406524658,-99.55044321555286,-63.75,14.320177286221144,-49.55044321555286,-50.0,-0.0
24.81560707092285,-96.74655290990009,-63.75,13.198621163960036,-46.74655290990009,-50.0,-0.0
24.865758419036865,-94.0798276385907,-63.75,12.13193105543628,-44.07982763859071,-50.0,-0.0
24.915850162506104,-91.53860370902493,-63.75,11.11544148360997,-41.53860370902493,-50.0,-0.0
24.966001510620117,-89.1222667249711,-63.75,10.14890668998844,-39.1222667249711,-50.0,-0.0
24.99110698699951,-86.81906845064455,-63.75,9.22762738025782,-36.81906845064455,-50.0,-0.0
25.041210651397705,-141.27701212686986,-63.75,31.010804850747945,-91.27701212686988,-50.0,-0.0
25.16655921936035,-136.4798412997788,-63.75,29.09193651991152,-86.4798412997788,-50.0,-0.0
25.21665096282959,-125.05400289085404,-63.75,24.521601156341614,-75.05400289085404,-50.0,-0.0
25.241756439208984,-121.03589698195253,-63.75,22.914358792781012,-71.03589698195253,-50.0,-0.0
25.291860103607178,-119.11862452021663,-63.75,22.14744980808665,-69.11862452021663,-50.0,-0.0
25.341999530792236,-115.38422505449834,-63.75,20.65369002179934,-65.38422505449834,-50.0,-0.0
25.39215087890625,-111.82638610587338,-63.75,19.23055444234935,-61.82638610587339,-50.0,-0.0
25.442302227020264,-108.43849072467049,-63.75,17.875396289868196,-58.43849072467049,-50.0,-0.0
25.467360019683838,-105.21322374861262,-63.75,16.585289499445047,-55.21322374861262,-50.0,-0.0
25.517451763153076,-103.67909449748262,-63.75,15.971637798993049,-53.67909449748262,-50.0,-0.0
25.56760311126709,-100.68584830652556,-63.75,14.774339322610222,-50.68584830652556,-50.0,-0.0
25.617754459381104,-97.83271822477953,-63.75,13.63308728991181,-47.832718224779526,-50.0,-0.0
25.667905807495117,-95.11653805476735,-63.75,12.546615221906938,-45.11653805476734,-50.0,-0.0
25.71800947189331,-92.53073220010042,-63.75,11.512292880040167,-42.53073220010042,-50.0,-0.0
25.74310302734375,-90.07138154487274,-63.75,10.528552617949094,-40.07138154487273,-50.0,-0.0
25.793206691741943,-88.89872197287568,-63.75,10.05948878915027,-38.89872197287567,-50.0,-0.0
25.843358039855957,-86.61353336137476,-63.75,9.145413344549905,-36.61353336137476,-50.0,-0.0
25.893449783325195,-84.43585171203809,-63.75,8.274340684815234,-34.43585171203809,-50.0,-0.0
25.91855525970459,-82.36515449643167,-63.75,7.446061798572669,-32.36515449643167,-50.0,-0.0
25.968706607818604,-81.37709324018397,-63.75,7.050837296073587,-31.37709324018396,-50.0,-0.0
26.018810272216797,-162.78407213014248,-63.75,39.61362885205699,-112.78407213014248,-50.0,-0.0
26.11910104751587,-156.9629884939625,-63.75,37.28519539758501,-106.96298849396251,-50.0,-0.0
26.169204711914062,-145.86981208728133,-63.75,32.84792483491253,-95.86981208728132,-50.0,-0.0
26.219356060028076,-140.85971168373192,-63.75,30.843884673492767,-90.85971168373193,-50.0,-0.0
26.26950740814209,-136.08527499866403,-63.75,28.934109999465612,-86.08527499866403,-50.0,-0.0
26.319611072540283,-131.53995455663141,-63.75,27.115981822652564,-81.53995455663141,-50.0,-0.0
26.344704627990723,-127.21686414287672,-63.75,25.386745657150687,-77.21686414287672,-50.0,-0.0
26.394808292388916,-125.15551614782466,-63.75,24.56220645912986,-75.15551614782466,-50.0,-0.0
26.44495964050293,-121.13849441374924,-63.75,22.955397765499697,-71.13849441374924,-50.0,-0.0
26.495051383972168,-117.310402584967,-63.75,21.4241610339868,-67.310402584967,-50.0,-0.0
26.54520273208618,-113.67032540585188,-63.75,19.968130162340753,-63.67032540585189,-50.0,-0.0
26.570308208465576,-110.20057502235612,-63.75,18.580230008942447,-60.20057502235612,-50.0,-0.0
26.620399951934814,-108.54697799644603,-63.75,17.91879119857841,-58.54697799644604,-50.0,-0.0
26.670551300048828,-105.32688167145095,-63.75,16.630752668580378,-55.32688167145095,-50.0,-0.0
26.72065496444702,-102.25745301951967,-63.75,15.40298120780787,-52.25745301951967,-50.0,-0.0
26.745760440826416,-99.33807047865156,-63.75,14.235228191460624,-49.33807047865155,-50.0,-0.0
26.795852184295654,-97.9453699436415,-63.75,13.678147977456598,-47.945369943641495,-50.0,-0.0
26.846003532409668,-95.2333207647766,-63.75,12.593328305910637,-45.23332076477659,-50.0,-0.0
26.89615488052368,-92.64816035099543,-63.75,11.55926414039817,-42.64816035099543,-50.0,-0.0
26.9212007522583,-90.18702623360659,-63.75,10.574810493442635,-40.187026233606595,-50.0,-0.0
26.971352100372314,-89.01688869498949,-63.75,10.106755477995796,-39.01688869498949,-50.0,-0.0
27.021455764770508,-197.84107746798173,-63.75,53.636430987192696,-147.84107746798173,-50.0,-0.0
27.121758460998535,-190.34736884093056,-63.75,50.63894753637222,-140.34736884093056,-50.0,-0.0
27.196955680847168,-176.06468430198925,-63.75,44.9258737207957,-126.06468430198925,-50.0,-0.0
27.222061157226562,-166.38422711210484,-63.75,41.05369084484194,-116.38422711210484,-50.0,-0.0
27.2721529006958,-163.38474089803708,-63.75,39.85389635921483,-113.38474089803708,-50.0,-0.0
27.322304248809814,-157.5437120248883,-63.75,37.51748480995532,-107.54371202488831,-50.0,-0.0
27.372407913208008,-151.97589406734235,-63.75,35.29035762693694,-101.97589406734235,-50.0,-0.0
27.42255926132202,-146.68016441891265,-63.75,33.17206576756506,-96.68016441891265,-50.0,-0.0
27.472710609436035,-141.6333853784231,-63.75,31.15335415136924,-91.6333853784231,-50.0,-0.0
27.497756481170654,-136.82864992237313,-63.75,29.231459968949252,-86.82864992237312,-50.0,-0.0
27.547907829284668,-134.5442148960524,-63.75,28.317685958420963,-84.54421489605241,-50.0,-0.0
27.597999572753906,-130.07946467402527,-63.75,26.53178586961011,-80.07946467402527,-50.0,-0.0
27.64815092086792,-125.83388168719658,-63.75,24.833552674878632,-75.83388168719658,-50.0,-0.0
27.673208713531494,-121.78684671504215,-63.75,23.214738686016858,-71.78684671504215,-50.0,-0.0
27.723360061645508,-119.8617399433729,-63.75,22.44469597734916,-69.8617399433729,-50.0,-0.0
27.773499488830566,-116.10109503284134,-63.75,20.940438013136536,-66.10109503284134,-50.0,-0.0
27.82365083694458,-112.52163549016629,-63.75,19.508654196066516,-62.5216354901663,-50.0,-0.0
27.873754501342773,-109.11296735186384,-63.75,18.14518694074554,-59.112967351863844,-50.0,-0.0
27.923905849456787,-105.87083422209838,-63.75,16.848333688839354,-55.870834222098374,-50.0,-0.0
27.97400951385498,-102.78107660188715,-63.75,15.61243064075486,-52.78107660188716,-50.0,-0.0
28.024208545684814,-183.1756011843639,-63.75,47.77024047374556,-133.1756011843639,-50.0,-0.0
28.199660778045654,-176.37572390725177,-63.75,45.05028956290071,-126.37572390725178,-50.0,-0.0
28.224706649780273,-153.7498778040377,-63.75,35.999951121615084,-103.74987780403771,-50.0,-0.0
28.274810314178467,-151.06176483736886,-63.75,34.92470593494754,-101.06176483736886,-50.0,-0.0
28.324949741363525,-145.81300505078553,-63.75,32.825202020314215,-95.81300505078553,-50.0,-0.0
28.37505340576172,-140.81205897382523,-63.75,30.82482358953009,-90.81205897382523,-50.0,-0.0
28.400158882141113,-136.0541851670401,-63.75,28.921674066816035,-86.0541851670401,-50.0,-0.0
28.450310230255127,-133.78432707101024,-63.75,28.013730828404096,-83.78432707101024,-50.0,-0.0
28.500449657440186,-129.35880630607483,-63.75,26.24352252242993,-79.35880630607484,-50.0,-0.0
28.55055332183838,-125.14642191405768,-63.75,24.558568765623072,-75.14642191405768,-50.0,-0.0
28.600704669952393,-121.13876352927018,-63.75,22.95550541170807,-71.13876352927018,-50.0,-0.0
28.62575054168701,-117.31938690121238,-63.75,21.42775476048495,-67.31938690121238,-50.0,-0.0
28.675854206085205,-115.50339300943729,-63.75,20.701357203774915,-65.50339300943729,-50.0,-0.0
28.72605323791504,-111.95749942819603,-63.75,19.282999771278412,-61.95749942819604,-50.0,-0.0
28.776156902313232,-108.57497172875415,-63.75,17.92998869150166,-58.57497172875416,-50.0,-0.0
28.80120277404785,-105.36083631934045,-63.75,16.64433452773618,-55.36083631934046,-50.0,-0.0
28.851354122161865,-103.83108278173574,-63.75,16.0324331126943,-53.83108278173575,-50.0,-0.0
28.90150547027588,-100.84125204525394,-63.75,14.836500818101575,-50.84125204525394,-50.0,-0.0
28.951656818389893,-97.99471386326503,-63.75,13.697885545306013,-47.994713863265034,-50.0,-0.0
29.001760482788086,-95.28459848977508,-63.75,12.61383939591003,-45.28459848977507,-50.0,-0.0
29.102003574371338,-92.70681901173482,-63.75,11.582727604693929,-42.70681901173482,-50.0,-0.0
29.15215492248535,-87.7963504501915,-63.75,9.618540180076598,-37.7963504501915,-50.0,-0.0
29.202258586883545,-85.57498274399356,-63.75,8.729993097597424,-35.57498274399356,-50.0,-0.0
29.227352142333984,-83.46207932157662,-63.75,7.884831728630649,-33.46207932157663,-50.0,-0.0
29.277455806732178,-82.45453138326249,-63.75,7.481812553304996,-32.454531383262484,-50.0,-0.0
29.32760715484619,-80.49102330120377,-63.75,6.696409320481507,-30.491023301203768,-50.0,-0.0
29.377758502960205,-78.6197399778496,-63.75,5.947895991139842,-28.6197399778496,-50.0,-0.0
29.427850246429443,-76.83812961930508,-63.75,5.235251847722031,-26.838129619305086,-50.0,-0.0
29.452955722808838,-75.14391014631155,-63.75,4.557564058524622,-25.14391014631156,-50.0,-0.0
29.50310707092285,-74.33542586366599,-63.75,4.234170345466396,-24.335425863665982,-50.0,-0.0
29.553210735321045,-72.75911876691701,-63.75,3.603647506766805,-22.759118766917013,-50.0,-0.0
29.603350162506104,-71.25977360938424,-63.75,3.003909443753696,-21.259773609384244,-50.0,-0.0
29.628407955169678,-69.83118763678596,-63.75,2.432475054714382,-19.83118763678595,-50.0,-0.0
29.67855930328369,-69.15143750887249,-63.75,2.1605750035489963,-19.151437508872487,-50.0,-0.0
29.72865104675293,-67.82353929553,-63.75,1.6294157182119988,-17.823539295529994,-50.0,-0.0
29.778802394866943,-66.56077338121432,-63.75,1.1243093524857273,-16.56077338121432,-50.0,-0.0
29.828953742980957,-65.35701319059521,-63.75,0.6428052762380844,-15.357013190595218,-50.0,-0.0
29.853999614715576,-64.21093351165271,-63.75,0.18437340466108482,-14.210933511652705,-50.0,-0.0
29.90415096282959,-63.666000232863844,-63.666000232863844,0.0,-13.666000232863842,-50.0,-0.0
29.954254627227783,-62.59833205175822,-62.59833205175822,0.0,-12.59833205175822,-50.0,-0.0
30.004405975341797,-61.54956991635492,-61.54956991635492,0.0,-11.549569916354919,-50.0,-0.0
30.104708671569824,-60.517400204440136,-60.517400204440136,0.0,-10.51740020444014,-50.0,-0.0
30.154800415039062,-58.48768467304291,-58.48768467304291,0.0,-8.487684673042905,-50.0,-0.0
30.204951763153076,-57.50803494069281,-57.50803494069281,0.0,-7.508034940692811,-50.0,-0.0
30.25505542755127,-56.54364978186226,-56.54364978186226,0.0,-6.543649781862255,-50.0,-0.0
30.280160903930664,-55.59634018593643,-55.59634018593643,0.0,-5.596340185936427,-50.0,-0.0
30.330300331115723,-55.12962427201283,-55.12962427201283,0.0,-5.129624272012835,-50.0,-0.0
30.380403995513916,-54.20534749129044,-54.20534749129044,0.0,-4.205347491290442,-50.0,-0.0
30.43055534362793,-53.29721598426973,-53.29721598426973,0.0,-3.297215984269729,-50.0,-0.0
30.480659008026123,-53.29721598426973,0.0,0,0.0,0.0,-0.0
30.530905723571777,-53.29721598426973,0.0,0,0.0,0.0,-0.0
30.580949783325195,-53.29721598426973,0.0,0,0.0,0.0,-0.0
30.63105344772339,-53.29721598426973,0.0,0,0.0,0.0,-0.0
30.656158924102783,-53.29721598426973,0.0,0,0.0,0.0,-0.0
30.70625066757202,-53.29721598426973,0.0,0,0.0,0.0,-0.0
30.756402015686035,-53.29721598426973,0.0,0,0.0,0.0,-0.0
30.78145980834961,-53.29721598426973,0.0,0,0.0,0.0,-0.0
30.831611156463623,-53.29721598426973,0.0,0,0.0,0.0,-0.0
30.88175058364868,-53.29721598426973,0.0,0,0.0,0.0,-0.0
30.906808376312256,-53.29721598426973,0.0,0,0.0,0.0,-0.0
30.95695972442627,-53.29721598426973,0.0,0,0.0,0.0,-0.0
30.98200559616089,-53.29721598426973,0.0,0,0.0,0.0,-0.0
31.032156944274902,-53.29721598426973,0.0,0,0.0,0.0,-0.0
31.13245964050293,-53.29721598426973,0.0,0,0.0,0.0,-0.0
31.182551383972168,-53.29721598426973,0.0,0,0.0,0.0,-0.0
31.23270273208618,-53.29721598426973,0.0,0,0.0,0.0,-0.0
31.282806396484375,-53.29721598426973,0.0,0,0.0,0.0,-0.0
31.307852268218994,-53.29721598426973,0.0,0,0.0,0.0,-0.0
31.358003616333008,-53.29721598426973,0.0,0,0.0,0.0,-0.0
31.40815496444702,-53.29721598426973,0.0,0,0.0,0.0,-0.0
31.458258628845215,-53.29721598426973,0.0,0,0.0,0.0,-0.0
31.50840997695923,-53.29721598426973,0.0,0,0.0,0.0,-0.0
31.533503532409668,-53.29721598426973,0.0,0,0.0,0.0,-0.0
31.58360719680786,-53.29721598426973,0.0,0,0.0,0.0,-0.0
31.633758544921875,-53.29721598426973,0.0,0,0.0,0.0,-0.0
31.658804416656494,-53.29721598426973,0.0,0,0.0,0.0,-0.0
31.708955764770508,-53.29721598426973,0.0,0,0.0,0.0,-0.0
31.7590594291687,-53.29721598426973,0.0,0,0.0,0.0,-0.0
31.809210777282715,-53.29721598426973,0.0,0,0.0,0.0,-0.0
31.859350204467773,-53.29721598426973,0.0,0,0.0,0.0,-0.0
31.909453868865967,-53.29721598426973,0.0,0,0.0,0.0,-0.0
31.93455934524536,-53.29721598426973,0.0,0,0.0,0.0,-0.0
31.984710693359375,-53.29721598426973,0.0,0,0.0,0.0,-0.0
32.03480243682861,-53.29721598426973,0.0,0,0.0,0.0,-0.0
32.13510513305664,-53.29721598426973,0.0,0,0.0,0.0,-0.0
32.185208797454834,-53.29721598426973,0.0,0,0.0,0.0,-0.0
32.23536014556885,-53.29721598426973,0.0,0,0.0,0.0,-0.0
32.26040601730347,-53.29721598426973,0.0,0,0.0,0.0,-0.0
32.31055736541748,-53.29721598426973,0.0,0,0.0,0.0,-0.0
32.360661029815674,-53.29721598426973,0.0,0,0.0,0.0,-0.0
32.38575458526611,-53.29721598426973,0.0,0,0.0,0.0,-0.0
32.43585824966431,-53.29721598426973,0.0,0,0.0,0.0,-0.0
32.48600959777832,-53.29721598426973,0.0,0,0.0,0.0,-0.0
32.51105546951294,-53.29721598426973,0.0,0,0.0,0.0,-0.0
32.56120681762695,-53.29721598426973,0.0,0,0.0,0.0,-0.0
32.58625268936157,-53.29721598426973,0.0,0,0.0,0.0,-0.0
32.636404037475586,-53.29721598426973,0.0,0,0.0,0.0,-0.0
32.6865553855896,-53.29721598426973,0.0,0,0.0,0.0,-0.0
32.71160125732422,-53.29721598426973,0.0,0,0.0,0.0,-0.0
32.76175260543823,-53.29721598426973,0.0,0,0.0,0.0,-0.0
32.811856269836426,-53.29721598426973,0.0,0,0.0,0.0,-0.0
32.836949825286865,-53.29721598426973,0.0,0,0.0,0.0,-0.0
32.88710117340088,-53.29721598426973,0.0,0,0.0,0.0,-0.0
32.93720483779907,-53.29721598426973,0.0,0,0.0,0.0,-0.0
32.96225070953369,-53.29721598426973,0.0,0,0.0,0.0,-0.0
33.012402057647705,-53.29721598426973,0.0,0,0.0,0.0,-0.0
33.13775062561035,-53.29721598426973,0.0,0,0.0,0.0,-0.0
33.187901973724365,-53.29721598426973,0.0,0,0.0,0.0,-0.0
33.21295976638794,-53.29721598426973,0.0,0,0.0,0.0,-0.0
33.26305150985718,-53.29721598426973,0.0,0,0.0,0.0,-0.0
33.31320285797119,-53.29721598426973,0.0,0,0.0,0.0,-0.0
33.338308334350586,-53.29721598426973,0.0,0,0.0,0.0,-0.0
33.388400077819824,-53.29721598426973,0.0,0,0.0,0.0,-0.0
33.43855142593384,-53.29721598426973,0.0,0,0.0,0.0,-0.0
33.46360921859741,-53.29721598426973,0.0,0,0.0,0.0,-0.0
33.513760566711426,-53.29721598426973,0.0,0,0.0,0.0,-0.0
33.563852310180664,-53.29721598426973,0.0,0,0.0,0.0,-0.0
33.58895778656006,-53.29721598426973,0.0,0,0.0,0.0,-0.0
33.6390495300293,-53.29721598426973,0.0,0,0.0,0.0,-0.0
33.69060754776001,-53.29721598426973,0.0,0,0.0,0.0,-0.0
33.74075889587402,-53.29721598426973,0.0,0,0.0,0.0,-0.0
33.76445770263672,-53.29721598426973,0.0,0,0.0,0.0,-0.0
33.81454944610596,-53.29721598426973,0.0,0,0.0,0.0,-0.0
33.864760398864746,-53.29721598426973,0.0,0,0.0,0.0,-0.0
33.914804458618164,-53.29721598426973,0.0,0,0.0,0.0,-0.0
33.965003490448,-53.29721598426973,0.0,0,0.0,0.0,-0.0
33.99006128311157,-53.29721598426973,0.0,0,0.0,0.0,-0.0
34.04020071029663,-53.29721598426973,0.0,0,0.0,0.0,-0.0
34.14040803909302,-53.29721598426973,0.0,0,0.0,0.0,-0.0
34.19055938720703,-53.29721598426973,0.0,0,0.0,0.0,-0.0
34.24065113067627,-53.29721598426973,0.0,0,0.0,0.0,-0.0
34.265756607055664,-53.29721598426973,0.0,0,0.0,0.0,-0.0
34.31586027145386,-53.29721598426973,0.0,0,0.0,0.0,-0.0
34.365999698638916,-53.29721598426973,0.0,0,0.0,0.0,-0.0
34.39105749130249,-53.29721598426973,0.0,0,0.0,0.0,-0.0
34.441208839416504,-53.29721598426973,0.0,0,0.0,0.0,-0.0
34.49136018753052,-53.29721598426973,0.0,0,0.0,0.0,-0.0
34.51640605926514,-53.29721598426973,0.0,0,0.0,0.0,-0.0
34.56655740737915,-53.29721598426973,0.0,0,0.0,0.0,-0.0
34.59160327911377,-53.29721598426973,0.0,0,0.0,0.0,-0.0
34.64175462722778,-53.29721598426973,0.0,0,0.0,0.0,-0.0
34.69185829162598,-53.29721598426973,0.0,0,0.0,0.0,-0.0
34.716951847076416,-53.29721598426973,0.0,0,0.0,0.0,-0.0
34.76705551147461,-53.29721598426973,0.0,0,0.0,0.0,-0.0
34.81720685958862,-53.29721598426973,0.0,0,0.0,0.0,-0.0
34.84225273132324,-53.29721598426973,0.0,0,0.0,0.0,-0.0
34.892404079437256,-53.29721598426973,0.0,0,0.0,0.0,-0.0
34.917449951171875,-53.29721598426973,0.0,0,0.0,0.0,-0.0
34.96760129928589,-53.29721598426973,0.0,0,0.0,0.0,-0.0
35.0177526473999,-53.29721598426973,0.0,0,0.0,0.0,-0.0
35.11800765991211,-53.29721598426973,0.0,0,0.0,0.0,-0.0
35.16815900802612,-53.29721598426973,0.0,0,0.0,0.0,-0.0
35.19320487976074,-53.29721598426973,0.0,0,0.0,0.0,-0.0
35.243356227874756,-53.29721598426973,0.0,0,0.0,0.0,-0.0
35.29345989227295,-53.29721598426973,0.0,0,0.0,0.0,-0.0
35.31855344772339,-53.29721598426973,0.0,0,0.0,0.0,-0.0
35.36865711212158,-53.29721598426973,0.0,0,0.0,0.0,-0.0
35.39375066757202,-53.29721598426973,0.0,0,0.0,0.0,-0.0
35.443854331970215,-53.29721598426973,0.0,0,0.0,0.0,-0.0
35.49400568008423,-53.29721598426973,0.0,0,0.0,0.0,-0.0
35.54415702819824,-53.29721598426973,0.0,0,0.0,0.0,-0.0
35.594308376312256,-53.29721598426973,0.0,0,0.0,0.0,-0.0
35.619354248046875,-53.29721598426973,0.0,0,0.0,0.0,-0.0
35.66945791244507,-53.29721598426973,0.0,0,0.0,0.0,-0.0
35.71960926055908,-53.29721598426973,0.0,0,0.0,0.0,-0.0
35.7446551322937,-53.29721598426973,0.0,0,0.0,0.0,-0.0
35.794806480407715,-53.29721598426973,0.0,0,0.0,0.0,-0.0
35.84495782852173,-53.29721598426973,0.0,0,0.0,0.0,-0.0
35.87000370025635,-53.29721598426973,0.0,0,0.0,0.0,-0.0
35.92015504837036,-53.29721598426973,0.0,0,0.0,0.0,-0.0
35.94520092010498,-53.29721598426973,0.0,0,0.0,0.0,-0.0
35.995352268218994,-53.29721598426973,0.0,0,0.0,0.0,-0.0
36.04545593261719,-53.29721598426973,0.0,0,0.0,0.0,-0.0
36.145758628845215,-53.29721598426973,0.0,0,0.0,0.0,-0.0
36.19585037231445,-53.29721598426973,0.0,0,0.0,0.0,-0.0
36.22095584869385,-53.29721598426973,0.0,0,0.0,0.0,-0.0
36.27105951309204,-53.29721598426973,0.0,0,0.0,0.0,-0.0
36.321210861206055,-53.29721598426973,0.0,0,0.0,0.0,-0.0
36.346304416656494,-53.29721598426973,0.0,0,0.0,0.0,-0.0
36.39640808105469,-53.29721598426973,0.0,0,0.0,0.0,-0.0
36.42145395278931,-53.29721598426973,0.0,0,0.0,0.0,-0.0
36.47160530090332,-53.29721598426973,0.0,0,0.0,0.0,-0.0
36.521756649017334,-53.29721598426973,0.0,0,0.0,0.0,-0.0
36.54680252075195,-53.29721598426973,0.0,0,0.0,0.0,-0.0
36.59695386886597,-53.29721598426973,0.0,0,0.0,0.0,-0.0
36.64705753326416,-53.29721598426973,0.0,0,0.0,0.0,-0.0
36.6721510887146,-53.29721598426973,0.0,0,0.0,0.0,-0.0
36.72225475311279,-53.29721598426973,0.0,0,0.0,0.0,-0.0
36.74736022949219,-53.29721598426973,0.0,0,0.0,0.0,-0.0
36.797451972961426,-53.29721598426973,0.0,0,0.0,0.0,-0.0
36.84760332107544,-53.29721598426973,0.0,0,0.0,0.0,-0.0
36.872661113739014,-53.29721598426973,0.0,0,0.0,0.0,-0.0
36.92280054092407,-53.29721598426973,0.0,0,0.0,0.0,-0.0
36.94785833358765,-53.29721598426973,0.0,0,0.0,0.0,-0.0
36.99800968170166,-53.29721598426973,0.0,0,0.0,0.0,-0.0
37.0481014251709,-53.29721598426973,0.0,0,0.0,0.0,-0.0
37.148404121398926,-53.29721598426973,0.0,0,0.0,0.0,-0.0
37.19855546951294,-53.29721598426973,0.0,0,0.0,0.0,-0.0
37.24865913391113,-53.29721598426973,0.0,0,0.0,0.0,-0.0
37.29881048202515,-53.29721598426973,0.0,0,0.0,0.0,-0.0
37.348949909210205,-53.29721598426973,0.0,0,0.0,0.0,-0.0
37.37400770187378,-53.29721598426973,0.0,0,0.0,0.0,-0.0
37.42415904998779,-53.29721598426973,0.0,0,0.0,0.0,-0.0
37.47431039810181,-53.29721598426973,0.0,0,0.0,0.0,-0.0
37.499356269836426,-53.29721598426973,0.0,0,0.0,0.0,-0.0
37.54945993423462,-53.29721598426973,0.0,0,0.0,0.0,-0.0
37.59961128234863,-53.29721598426973,0.0,0,0.0,0.0,-0.0
37.62465715408325,-53.29721598426973,0.0,0,0.0,0.0,-0.0
37.674808502197266,-53.29721598426973,0.0,0,0.0,0.0,-0.0
37.72495985031128,-53.29721598426973,0.0,0,0.0,0.0,-0.0
37.7500057220459,-53.29721598426973,0.0,0,0.0,0.0,-0.0
37.80015707015991,-53.29721598426973,0.0,0,0.0,0.0,-0.0
37.850260734558105,-53.29721598426973,0.0,0,0.0,0.0,-0.0
37.900400161743164,-53.29721598426973,0.0,0,0.0,0.0,-0.0
37.92545795440674,-53.29721598426973,0.0,0,0.0,0.0,-0.0
37.97560930252075,-53.29721598426973,0.0,0,0.0,0.0,-0.0
38.025760650634766,-53.29721598426973,0.0,0,0.0,0.0,-0.0
38.12600374221802,-53.29721598426973,0.0,0,0.0,0.0,-0.0
38.17615509033203,-53.29721598426973,0.0,0,0.0,0.0,-0.0
38.226258754730225,-53.29721598426973,0.0,0,0.0,0.0,-0.0
38.251352310180664,-53.29721598426973,0.0,0,0.0,0.0,-0.0
38.30145597457886,-53.29721598426973,0.0,0,0.0,0.0,-0.0
38.35160732269287,-53.29721598426973,0.0,0,0.0,0.0,-0.0
38.37665319442749,-53.29721598426973,0.0,0,0.0,0.0,-0.0
38.426804542541504,-53.29721598426973,0.0,0,0.0,0.0,-0.0
38.45185041427612,-53.29721598426973,0.0,0,0.0,0.0,-0.0
38.50200176239014,-53.29721598426973,0.0,0,0.0,0.0,-0.0
38.55215311050415,-53.29721598426973,0.0,0,0.0,0.0,-0.0
38.577210903167725,-53.29721598426973,0.0,0,0.0,0.0,-0.0
38.62735033035278,-53.29721598426973,0.0,0,0.0,0.0,-0.0
38.65240812301636,-53.29721598426973,0.0,0,0.0,0.0,-0.0
38.70255947113037,-53.29721598426973,0.0,0,0.0,0.0,-0.0
38.75265121459961,-53.29721598426973,0.0,0,0.0,0.0,-0.0
38.777756690979004,-53.29721598426973,0.0,0,0.0,0.0,-0.0
38.82790803909302,-53.29721598426973,0.0,0,0.0,0.0,-0.0
38.87805938720703,-53.29721598426973,0.0,0,0.0,0.0,-0.0
38.92815113067627,-53.29721598426973,0.0,0,0.0,0.0,-0.0
38.953256607055664,-53.29721598426973,0.0,0,0.0,0.0,-0.0
39.00336027145386,-53.29721598426973,0.0,0,0.0,0.0,-0.0
39.10360336303711,-53.29721598426973,0.0,0,0.0,0.0,-0.0
39.1537070274353,-53.29721598426973,0.0,0,0.0,0.0,-0.0
39.17880058288574,-53.29721598426973,0.0,0,0.0,0.0,-0.0
39.228951930999756,-53.29721598426973,0.0,0,0.0,0.0,-0.0
39.27905559539795,-53.29721598426973,0.0,0,0.0,0.0,-0.0
39.304161071777344,-53.29721598426973,0.0,0,0.0,0.0,-0.0
39.35425281524658,-53.29721598426973,0.0,0,0.0,0.0,-0.0
39.37935829162598,-53.29721598426973,0.0,0,0.0,0.0,-0.0
39.429450035095215,-53.29721598426973,0.0,0,0.0,0.0,-0.0
39.47960138320923,-53.29721598426973,0.0,0,0.0,0.0,-0.0
39.5046591758728,-53.29721598426973,0.0,0,0.0,0.0,-0.0
39.554810523986816,-53.29721598426973,0.0,0,0.0,0.0,-0.0
39.604949951171875,-53.29721598426973,0.0,0,0.0,0.0,-0.0
39.63000774383545,-53.29721598426973,0.0,0,0.0,0.0,-0.0
39.68015909194946,-53.29721598426973,0.0,0,0.0,0.0,-0.0
39.7302508354187,-53.29721598426973,0.0,0,0.0,0.0,-0.0
39.755356311798096,-53.29721598426973,0.0,0,0.0,0.0,-0.0
39.80545997619629,-53.29721598426973,0.0,0,0.0,0.0,-0.0
39.8556113243103,-53.29721598426973,0.0,0,0.0,0.0,-0.0
39.88065719604492,-53.29721598426973,0.0,0,0.0,0.0,-0.0
39.930808544158936,-53.29721598426973,0.0,0,0.0,0.0,-0.0
39.98095989227295,-53.29721598426973,0.0,0,0.0,0.0,-0.0
40.00600576400757,-53.29721598426973,0.0,0,0.0,0.0,-0.0
40.106260776519775,-53.29721598426973,0.0,0,0.0,0.0,-0.0
40.156400203704834,-53.29721598426973,0.0,0,0.0,0.0,-0.0
40.18145799636841,-53.29721598426973,0.0,0,0.0,0.0,-0.0
40.23160934448242,-53.29721598426973,0.0,0,0.0,0.0,-0.0
40.28170108795166,-53.29721598426973,0.0,0,0.0,0.0,-0.0
40.306806564331055,-53.29721598426973,0.0,0,0.0,0.0,-0.0
40.35691022872925,-53.29721598426973,0.0,0,0.0,0.0,-0.0
40.38200378417969,-53.29721598426973,0.0,0,0.0,0.0,-0.0
40.43210744857788,-53.29721598426973,0.0,0,0.0,0.0,-0.0
40.482258796691895,-53.29721598426973,0.0,0,0.0,0.0,-0.0
40.53241014480591,-53.29721598426973,0.0,0,0.0,0.0,-0.0
40.55745601654053,-53.29721598426973,0.0,0,0.0,0.0,-0.0
40.60760736465454,-53.29721598426973,0.0,0,0.0,0.0,-0.0
40.657711029052734,-53.29721598426973,0.0,0,0.0,0.0,-0.0
40.682804584503174,-53.29721598426973,0.0,0,0.0,0.0,-0.0
40.73290824890137,-53.29721598426973,0.0,0,0.0,0.0,-0.0
40.78305959701538,-53.29721598426973,0.0,0,0.0,0.0,-0.0
40.80815315246582,-53.29721598426973,0.0,0,0.0,0.0,-0.0
40.858256816864014,-53.29721598426973,0.0,0,0.0,0.0,-0.0
40.88335037231445,-53.29721598426973,0.0,0,0.0,0.0,-0.0
40.93345403671265,-53.29721598426973,0.0,0,0.0,0.0,-0.0
40.98360538482666,-53.29721598426973,0.0,0,0.0,0.0,-0.0
41.00865125656128,-53.29721598426973,0.0,0,0.0,0.0,-0.0
41.12350940704346,-53.29721598426973,0.0,0,0.0,0.0,-0.0
41.148555278778076,-53.29721598426973,0.0,0,0.0,0.0,-0.0
41.19865894317627,-53.29721598426973,0.0,0,0.0,0.0,-0.0
41.24881029129028,-53.29721598426973,0.0,0,0.0,0.0,-0.0
41.27390384674072,-53.29721598426973,0.0,0,0.0,0.0,-0.0
41.324055194854736,-53.29721598426973,0.0,0,0.0,0.0,-0.0
41.37415885925293,-53.29721598426973,0.0,0,0.0,0.0,-0.0
41.39920473098755,-53.29721598426973,0.0,0,0.0,0.0,-0.0
41.44935607910156,-53.29721598426973,0.0,0,0.0,0.0,-0.0
41.499507427215576,-53.29721598426973,0.0,0,0.0,0.0,-0.0
41.54961109161377,-53.29721598426973,0.0,0,0.0,0.0,-0.0
41.57470464706421,-53.29721598426973,0.0,0,0.0,0.0,-0.0
41.6248083114624,-53.29721598426973,0.0,0,0.0,0.0,-0.0
41.64985418319702,-53.29721598426973,0.0,0,0.0,0.0,-0.0
41.700005531311035,-53.29721598426973,0.0,0,0.0,0.0,-0.0
41.75015687942505,-53.29721598426973,0.0,0,0.0,0.0,-0.0
41.77520275115967,-53.29721598426973,0.0,0,0.0,0.0,-0.0
41.82535409927368,-53.29721598426973,0.0,0,0.0,0.0,-0.0
41.8503999710083,-53.29721598426973,0.0,0,0.0,0.0,-0.0
41.900551319122314,-53.29721598426973,0.0,0,0.0,0.0,-0.0
41.95070266723633,-53.29721598426973,0.0,0,0.0,0.0,-0.0
41.9757604598999,-53.29721598426973,0.0,0,0.0,0.0,-0.0
42.02589988708496,-53.29721598426973,0.0,0,0.0,0.0,-0.0
42.12615489959717,-53.29721598426973,0.0,0,0.0,0.0,-0.0
42.15126037597656,-53.29721598426973,0.0,0,0.0,0.0,-0.0
42.20139980316162,-53.29721598426973,0.0,0,0.0,0.0,-0.0
42.251503467559814,-53.29721598426973,0.0,0,0.0,0.0,-0.0
42.30160713195801,-53.29721598426973,0.0,0,0.0,0.0,-0.0
42.32670068740845,-53.29721598426973,0.0,0,0.0,0.0,-0.0
42.37680435180664,-53.29721598426973,0.0,0,0.0,0.0,-0.0
42.426955699920654,-53.29721598426973,0.0,0,0.0,0.0,-0.0
42.45200157165527,-53.29721598426973,0.0,0,0.0,0.0,-0.0
42.50215291976929,-53.29721598426973,0.0,0,0.0,0.0,-0.0
42.52721071243286,-53.29721598426973,0.0,0,0.0,0.0,-0.0
42.57735013961792,-53.29721598426973,0.0,0,0.0,0.0,-0.0
42.62745380401611,-53.29721598426973,0.0,0,0.0,0.0,-0.0
42.65255928039551,-53.29721598426973,0.0,0,0.0,0.0,-0.0
42.70271062850952,-53.29721598426973,0.0,0,0.0,0.0,-0.0
42.75285005569458,-53.29721598426973,0.0,0,0.0,0.0,-0.0
42.777907848358154,-53.29721598426973,0.0,0,0.0,0.0,-0.0
42.82940626144409,-53.29721598426973,0.0,0,0.0,0.0,-0.0
42.878150939941406,-53.29721598426973,0.0,0,0.0,0.0,-0.0
42.904603481292725,-53.29721598426973,0.0,0,0.0,0.0,-0.0
42.95475482940674,-53.29721598426973,0.0,0,0.0,0.0,-0.0
43.00355911254883,-53.29721598426973,0.0,0,0.0,0.0,-0.0
43.10380220413208,-53.29721598426973,0.0,0,0.0,0.0,-0.0
43.15390586853027,-53.29721598426973,0.0,0,0.0,0.0,-0.0
43.20405721664429,-53.29721598426973,0.0,0,0.0,0.0,-0.0
43.229103088378906,-53.29721598426973,0.0,0,0.0,0.0,-0.0
43.27925443649292,-53.29721598426973,0.0,0,0.0,0.0,-0.0
43.32935810089111,-53.29721598426973,0.0,0,0.0,0.0,-0.0
43.35445165634155,-53.29721598426973,0.0,0,0.0,0.0,-0.0
43.404555320739746,-53.29721598426973,0.0,0,0.0,0.0,-0.0
43.45470666885376,-53.29721598426973,0.0,0,0.0,0.0,-0.0
43.4798002243042,-53.29721598426973,0.0,0,0.0,0.0,-0.0
43.52990388870239,-53.29721598426973,0.0,0,0.0,0.0,-0.0
43.580055236816406,-53.29721598426973,0.0,0,0.0,0.0,-0.0
43.605101108551025,-53.29721598426973,0.0,0,0.0,0.0,-0.0
43.65525245666504,-53.29721598426973,0.0,0,0.0,0.0,-0.0
43.70535612106323,-53.29721598426973,0.0,0,0.0,0.0,-0.0
43.755507469177246,-53.29721598426973,0.0,0,0.0,0.0,-0.0
43.780601024627686,-53.29721598426973,0.0,0,0.0,0.0,-0.0
43.83070468902588,-53.29721598426973,0.0,0,0.0,0.0,-0.0
43.88085603713989,-53.29721598426973,0.0,0,0.0,0.0,-0.0
43.931007385253906,-53.29721598426973,0.0,0,0.0,0.0,-0.0
43.9811110496521,-53.29721598426973,0.0,0,0.0,0.0,-0.0
44.03125047683716,-53.29721598426973,0.0,0,0.0,0.0,-0.0
44.13285255432129,-53.29721598426973,0.0,0,0.0,0.0,-0.0
44.157958030700684,-53.29721598426973,0.0,0,0.0,0.0,-0.0
44.2081093788147,-53.29721598426973,0.0,0,0.0,0.0,-0.0
44.23320293426514,-53.29721598426973,0.0,0,0.0,0.0,-0.0
44.28330659866333,-53.29721598426973,0.0,0,0.0,0.0,-0.0
44.33325529098511,-53.29721598426973,0.0,0,0.0,0.0,-0.0
44.35830116271973,-53.29721598426973,0.0,0,0.0,0.0,-0.0
44.40850019454956,-53.29721598426973,0.0,0,0.0,0.0,-0.0
44.458651542663574,-53.29721598426973,0.0,0,0.0,0.0,-0.0
44.48364973068237,-53.29721598426973,0.0,0,0.0,0.0,-0.0
44.53386068344116,-53.29721598426973,0.0,0,0.0,0.0,-0.0
44.58385705947876,-53.29721598426973,0.0,0,0.0,0.0,-0.0
44.6089506149292,-53.29721598426973,0.0,0,0.0,0.0,-0.0
44.657909870147705,-53.29721598426973,0.0,0,0.0,0.0,-0.0
44.682955741882324,-53.29721598426973,0.0,0,0.0,0.0,-0.0
44.734251499176025,-53.29721598426973,0.0,0,0.0,0.0,-0.0
44.78435516357422,-53.29721598426973,0.0,0,0.0,0.0,-0.0
44.80946063995361,-53.29721598426973,0.0,0,0.0,0.0,-0.0
44.85970735549927,-53.29721598426973,0.0,0,0.0,0.0,-0.0
44.90981101989746,-53.29721598426973,0.0,0,0.0,0.0,-0.0
44.95995044708252,-53.29721598426973,0.0,0,0.0,0.0,-0.0
44.98375654220581,-53.29721598426973,0.0,0,0.0,0.0,-0.0
45.033860206604004,-53.29721598426973,0.0,0,0.0,0.0,-0.0
45.13421058654785,-53.29721598426973,0.0,0,0.0,0.0,-0.0
45.18430233001709,-53.29721598426973,0.0,0,0.0,0.0,-0.0
45.209360122680664,-53.29721598426973,0.0,0,0.0,0.0,-0.0
45.25949954986572,-53.29721598426973,0.0,0,0.0,0.0,-0.0
45.309650897979736,-53.29721598426973,0.0,0,0.0,0.0,-0.0
45.33470869064331,-53.29721598426973,0.0,0,0.0,0.0,-0.0
45.384860038757324,-53.29721598426973,0.0,0,0.0,0.0,-0.0
45.43495178222656,-53.29721598426973,0.0,0,0.0,0.0,-0.0
45.485103130340576,-53.29721598426973,0.0,0,0.0,0.0,-0.0
45.53525447845459,-53.29721598426973,0.0,0,0.0,0.0,-0.0
45.5854058265686,-53.29721598426973,0.0,0,0.0,0.0,-0.0
45.61045169830322,-53.29721598426973,0.0,0,0.0,0.0,-0.0
45.660555362701416,-53.29721598426973,0.0,0,0.0,0.0,-0.0
45.71070671081543,-53.29721598426973,0.0,0,0.0,0.0,-0.0
45.73580026626587,-53.29721598426973,0.0,0,0.0,0.0,-0.0
45.78590393066406,-53.29721598426973,0.0,0,0.0,0.0,-0.0
45.836055278778076,-53.29721598426973,0.0,0,0.0,0.0,-0.0
45.861101150512695,-53.29721598426973,0.0,0,0.0,0.0,-0.0
45.91125249862671,-53.29721598426973,0.0,0,0.0,0.0,-0.0
45.9613561630249,-53.29721598426973,0.0,0,0.0,0.0,-0.0
46.011507511138916,-53.29721598426973,0.0,0,0.0,0.0,-0.0
46.11175060272217,-53.29721598426973,0.0,0,0.0,0.0,-0.0
46.138203144073486,-53.29721598426973,0.0,0,0.0,0.0,-0.0
46.18840217590332,-53.29721598426973,0.0,0,0.0,0.0,-0.0
46.238505840301514,-53.29721598426973,0.0,0,0.0,0.0,-0.0
46.26361131668091,-53.29721598426973,0.0,0,0.0,0.0,-0.0
46.3123083114624,-53.29721598426973,0.0,0,0.0,0.0,-0.0
46.362459659576416,-53.29721598426973,0.0,0,0.0,0.0,-0.0
46.388959884643555,-53.29721598426973,0.0,0,0.0,0.0,-0.0
46.43905162811279,-53.29721598426973,0.0,0,0.0,0.0,-0.0
46.48776054382324,-53.29721598426973,0.0,0,0.0,0.0,-0.0
46.514201164245605,-53.29721598426973,0.0,0,0.0,0.0,-0.0
46.56435251235962,-53.29721598426973,0.0,0,0.0,0.0,-0.0
46.61329984664917,-53.29721598426973,0.0,0,0.0,0.0,-0.0
46.63960933685303,-53.29721598426973,0.0,0,0.0,0.0,-0.0
46.689701080322266,-53.29721598426973,0.0,0,0.0,0.0,-0.0
46.71494960784912,-53.29721598426973,0.0,0,0.0,0.0,-0.0
46.76491022109985,-53.29721598426973,0.0,0,0.0,0.0,-0.0
46.81504964828491,-53.29721598426973,0.0,0,0.0,0.0,-0.0
46.840107440948486,-53.29721598426973,0.0,0,0.0,0.0,-0.0
46.8902587890625,-53.29721598426973,0.0,0,0.0,0.0,-0.0
46.94035053253174,-53.29721598426973,0.0,0,0.0,0.0,-0.0
46.96545600891113,-53.29721598426973,0.0,0,0.0,0.0,-0.0
47.01415300369263,-53.29721598426973,0.0,0,0.0,0.0,-0.0
47.114455699920654,-53.29721598426973,0.0,0,0.0,0.0,-0.0
47.16460704803467,-53.29721598426973,0.0,0,0.0,0.0,-0.0
47.21471071243286,-53.29721598426973,0.0,0,0.0,0.0,-0.0
47.26485013961792,-53.29721598426973,0.0,0,0.0,0.0,-0.0
47.289907932281494,-53.29721598426973,0.0,0,0.0,0.0,-0.0
47.34005928039551,-53.29721598426973,0.0,0,0.0,0.0,-0.0
47.390151023864746,-53.29721598426973,0.0,0,0.0,0.0,-0.0
47.41525650024414,-53.29721598426973,0.0,0,0.0,0.0,-0.0
47.465360164642334,-53.29721598426973,0.0,0,0.0,0.0,-0.0
47.51549959182739,-53.29721598426973,0.0,0,0.0,0.0,-0.0
47.54055738449097,-53.29721598426973,0.0,0,0.0,0.0,-0.0
47.59070873260498,-53.29721598426973,0.0,0,0.0,0.0,-0.0
47.640860080718994,-53.29721598426973,0.0,0,0.0,0.0,-0.0
47.66590595245361,-53.29721598426973,0.0,0,0.0,0.0,-0.0
47.71605730056763,-53.29721598426973,0.0,0,0.0,0.0,-0.0
47.76616096496582,-53.29721598426973,0.0,0,0.0,0.0,-0.0
47.79125452041626,-53.29721598426973,0.0,0,0.0,0.0,-0.0
47.84135818481445,-53.29721598426973,0.0,0,0.0,0.0,-0.0
47.89150953292847,-53.29721598426973,0.0,0,0.0,0.0,-0.0
47.916603088378906,-53.29721598426973,0.0,0,0.0,0.0,-0.0
47.9667067527771,-53.29721598426973,0.0,0,0.0,0.0,-0.0
48.01685810089111,-53.29721598426973,0.0,0,0.0,0.0,-0.0
48.14215898513794,-53.29721598426973,0.0,0,0.0,0.0,-0.0
48.16850423812866,-53.29721598426973,0.0,0,0.0,0.0,-0.0
48.21735620498657,-53.29721598426973,0.0,0,0.0,0.0,-0.0
48.26890230178833,-53.29721598426973,0.0,0,0.0,0.0,-0.0
48.293960094451904,-53.29721598426973,0.0,0,0.0,0.0,-0.0
48.34405183792114,-53.29721598426973,0.0,0,0.0,0.0,-0.0
48.394155502319336,-53.29721598426973,0.0,0,0.0,0.0,-0.0
48.41926097869873,-53.29721598426973,0.0,0,0.0,0.0,-0.0
48.468005657196045,-53.29721598426973,0.0,0,0.0,0.0,-0.0
48.494505882263184,-53.29721598426973,0.0,0,0.0,0.0,-0.0
48.5446572303772,-53.29721598426973,0.0,0,0.0,0.0,-0.0
48.594653606414795,-53.29721598426973,0.0,0,0.0,0.0,-0.0
48.619699478149414,-53.29721598426973,0.0,0,0.0,0.0,-0.0
48.66985082626343,-53.29721598426973,0.0,0,0.0,0.0,-0.0
48.6936092376709,-53.29721598426973,0.0,0,0.0,0.0,-0.0
48.745107650756836,-53.29721598426973,0.0,0,0.0,0.0,-0.0
48.79521131515503,-53.29721598426973,0.0,0,0.0,0.0,-0.0
48.819005489349365,-53.29721598426973,0.0,0,0.0,0.0,-0.0
48.87040853500366,-53.29721598426973,0.0,0,0.0,0.0,-0.0
48.91930818557739,-53.29721598426973,0.0,0,0.0,0.0,-0.0
48.94430637359619,-53.29721598426973,0.0,0,0.0,0.0,-0.0
48.994410037994385,-53.29721598426973,0.0,0,0.0,0.0,-0.0
49.04600381851196,-53.29721598426973,0.0,0,0.0,0.0,-0.0
49.14135932922363,-53.29721598426973,0.0,0,0.0,0.0,-0.0
49.192750453948975,-53.29721598426973,0.0,0,0.0,0.0,-0.0
49.216651916503906,-53.29721598426973,0.0,0,0.0,0.0,-0.0
49.26800727844238,-53.29721598426973,0.0,0,0.0,0.0,-0.0
49.318110942840576,-53.29721598426973,0.0,0,0.0,0.0,-0.0
49.343156814575195,-53.29721598426973,0.0,0,0.0,0.0,-0.0
49.39330816268921,-53.29721598426973,0.0,0,0.0,0.0,-0.0
49.44339990615845,-53.29721598426973,0.0,0,0.0,0.0,-0.0
49.46730136871338,-53.29721598426973,0.0,0,0.0,0.0,-0.0
49.518656730651855,-53.29721598426973,0.0,0,0.0,0.0,-0.0
49.54255819320679,-53.29721598426973,0.0,0,0.0,0.0,-0.0
49.593961238861084,-53.29721598426973,0.0,0,0.0,0.0,-0.0
49.64280128479004,-53.29721598426973,0.0,0,0.0,0.0,-0.0
49.66920614242554,-53.29721598426973,0.0,0,0.0,0.0,-0.0
49.71930980682373,-53.29721598426973,0.0,0,0.0,0.0,-0.0
49.768102169036865,-53.29721598426973,0.0,0,0.0,0.0,-0.0
49.81825351715088,-53.29721598426973,0.0,0,0.0,0.0,-0.0
49.86840486526489,-53.29721598426973,0.0,0,0.0,0.0,-0.0
49.89345073699951,-53.29721598426973,0.0,0,0.0,0.0,-0.0
49.94485378265381,-53.29721598426973,0.0,0,0.0,0.0,-0.0
49.99375343322754,-53.29721598426973,0.0,0,0.0,0.0,-0.0
50.02011060714722,85.52976449330649,85.52976449330649,0,83.33333333333334,2.1964311599731445,-0.0
50.14415979385376,95.01989628506333,95.01989628506333,0,82.57954031092034,12.440355974142992,-0.0
50.1955509185791,95.11985663296124,95.11985663296124,0,78.6381953532439,16.481661279717343,-0.0
50.21935701370239,95.31847701899866,95.31847701899866,0,77.00365930111742,18.314817717881237,-0.0
50.27076005935669,98.47894555476805,98.47894555476805,0,76.24490738183091,22.23403817293713,-0.0
50.32089948654175,100.52430586255944,100.52430586255944,0,74.55226007415278,25.97204578840666,-0.0
50.36975145339966,102.39867341354939,102.39867341354939,0,72.86693455330706,29.531738860242328,-0.0
50.396108627319336,102.60248928176875,102.60248928176875,0,71.19427064797318,31.408218633795563,-0.0
50.446200370788574,105.21919058555208,105.21919058555208,0,70.29002219168363,34.92916839386845,-0.0
50.495052337646484,106.80455490626042,106.80455490626042,0,68.52767481355073,38.27688009270968,-0.0
50.54525136947632,108.41238006385275,108.41238006385275,0,66.78305525471792,41.62932480913483,-0.0
50.59535503387451,109.84757474811803,109.84757474811803,0,64.96334814532676,44.88422660279128,-0.0
50.64660310745239,111.24222395272622,111.24222395272622,0,63.12306202292305,48.11916192980317,-0.0
50.670552253723145,110.80210627581242,110.80210627581242,0,61.21685297976182,49.5852532960506,-0.0
50.72070360183716,110.32957683305676,110.32957683305676,0,60.32957683305676,50.0,-0.0
50.77080726623535,108.47948195947262,108.47948195947262,0,58.479481959472615,50.0,-0.0
50.820958614349365,106.66215350094703,106.66215350094703,0,56.66215350094702,50.0,-0.0
50.84720849990845,104.8735835552033,104.8735835552033,0,54.8735835552033,50.0,-0.0
50.89750289916992,103.95312793697124,103.95312793697124,0,53.95312793697124,50.0,-0.0
50.947511196136475,102.205035021154,102.205035021154,0,52.205035021154,50.0,-0.0
50.97135305404663,100.49613120861099,100.49613120861099,0,50.496131208611,50.0,-0.0
51.02275609970093,155.25058370761093,155.25058370761093,0,105.25058370761093,50.0,-0.0
51.14680528640747,152.58229434484332,152.58229434484332,0,102.58229434484333,50.0,-0.0
51.17315053939819,146.25374413040714,146.25374413040714,0,96.25374413040713,50.0,-0.0
51.222050189971924,144.96548731175028,144.96548731175028,0,94.9654873117503,50.0,-0.0
51.27215385437012,142.59542141182942,142.59542141182942,0,92.59542141182942,50.0,-0.0
51.32230520248413,140.20673479773842,140.20673479773842,0,90.20673479773842,50.0,-0.0
51.34735107421875,137.8558620519247,137.8558620519247,0,87.85586205192469,50.0,-0.0
51.397502422332764,136.70152627081353,136.70152627081353,0,86.70152627081355,50.0,-0.0
51.44760608673096,134.40948104857415,134.40948104857415,0,84.40948104857414,50.0,-0.0
51.499056816101074,132.15804742886715,132.15804742886715,0,82.15804742886715,50.0,-0.0
51.52410268783569,129.88485049692088,129.88485049692088,0,79.88485049692086,50.0,-0.0
51.574909687042236,128.7973283830094,128.7973283830094,0,78.79732838300939,50.0,-0.0
51.6230583190918,126.60971993659527,126.60971993659527,0,76.60971993659527,50.0,-0.0
51.674556732177734,124.57182768194531,124.57182768194531,0,74.57182768194531,50.0,-0.0
51.69980525970459,122.42728340040013,122.42728340040013,0,72.42728340040013,50.0,-0.0
51.74970626831055,121.39398517424372,121.39398517424372,0,71.39398517424372,50.0,-0.0
51.79985761642456,119.36904167492663,119.36904167492663,0,69.36904167492663,50.0,-0.0
51.850152015686035,117.36793375399843,117.36793375399843,0,67.36793375399843,50.0,-0.0
51.87520980834961,115.39480880846244,115.39480880846244,0,65.39480880846244,50.0,-0.0
51.92536115646362,114.42830526809405,114.42830526809405,0,64.42830526809405,50.0,-0.0
51.9740104675293,112.5101455693391,112.5101455693391,0,62.510145569339095,50.0,-0.0
52.02515125274658,194.01400874060133,194.01400874060133,0,144.01400874060133,50.0,-0.0
52.12440490722656,190.69714507089435,190.69714507089435,0,140.69714507089435,50.0,-0.0
52.174556255340576,184.3700210116361,184.3700210116361,0,134.3700210116361,50.0,-0.0
52.22470760345459,181.27926754272474,181.27926754272474,0,131.27926754272474,50.0,-0.0
52.27481126785278,178.2404179512795,178.2404179512795,0,128.2404179512795,50.0,-0.0
52.32495069503784,175.2554438875377,175.2554438875377,0,125.2554438875377,50.0,-0.0
52.3511528968811,172.31845963565814,172.31845963565814,0,122.31845963565813,50.0,-0.0
52.4012565612793,170.80940287115655,170.80940287115655,0,120.80940287115655,50.0,-0.0
52.45140790939331,167.9491176750311,167.9491176750311,0,117.94911767503109,50.0,-0.0
52.501654624938965,165.1341541555504,165.1341541555504,0,115.13415415555038,50.0,-0.0
52.52660512924194,162.36121231966936,162.36121231966936,0,112.36121231966936,50.0,-0.0
52.575600147247314,161.00745476763217,161.00745476763217,0,111.00745476763218,50.0,-0.0
52.62700319290161,158.37131395563893,158.37131395563893,0,108.37131395563893,50.0,-0.0
52.67585515975952,155.6510019938458,155.6510019938458,0,105.65100199384581,50.0,-0.0
52.702200412750244,153.11021381689517,153.11021381689517,0,103.11021381689518,50.0,-0.0
52.75235176086426,151.7624229648236,151.7624229648236,0,101.76242296482359,50.0,-0.0
52.80245542526245,149.21938620911078,149.21938620911078,0,99.2193862091108,50.0,-0.0
52.82624959945679,146.7214545797186,146.7214545797186,0,96.7214545797186,50.0,-0.0
52.8764009475708,145.5551029892468,145.5551029892468,0,95.5551029892468,50.0,-0.0
52.92785167694092,143.1163640171169,143.1163640171169,0,93.1163640171169,50.0,-0.0
52.97665596008301,140.6564804596701,140.6564804596701,0,90.65648045967009,50.0,-0.0
53.02680730819702,221.69668413307625,221.69668413307625,0,171.69668413307625,50.0,-0.0
53.12711000442505,217.981343117746,217.981343117746,0,167.981343117746,50.0,-0.0
53.17720174789429,210.67553834839615,210.67553834839615,0,160.67553834839615,50.0,-0.0
53.228604793548584,207.14962084115623,207.14962084115623,0,157.14962084115623,50.0,-0.0
53.25371026992798,203.59214652281474,203.59214652281474,0,153.59214652281474,50.0,-0.0
53.30380201339722,201.88459541333586,201.88459541333586,0,151.88459541333586,50.0,-0.0
53.35395336151123,198.5062713595685,198.5062713595685,0,148.5062713595685,50.0,-0.0
53.404104709625244,195.1807199485737,195.1807199485737,0,145.1807199485737,50.0,-0.0
53.42915058135986,191.91107689875486,191.91107689875486,0,141.91107689875486,50.0,-0.0
53.47930192947388,190.30565134409036,190.30565134409036,0,140.30565134409036,50.0,-0.0
53.52815389633179,187.11797209091944,187.11797209091944,0,137.11797209091944,50.0,-0.0
53.579509258270264,184.0650917870142,184.0650917870142,0,134.0650917870142,50.0,-0.0
53.6046028137207,180.90833396163384,180.90833396163384,0,130.90833396163384,50.0,-0.0
53.65475416183472,179.3924208949373,179.3924208949373,0,129.3924208949373,50.0,-0.0
53.70500087738037,176.38824711611636,176.38824711611636,0,126.38824711611636,50.0,-0.0
53.755009174346924,173.4289773116123,173.4289773116123,0,123.42897731161229,50.0,-0.0
53.78010272979736,170.53337499245237,170.53337499245237,0,120.53337499245238,50.0,-0.0
53.82890701293945,169.1047639929729,169.1047639929729,0,119.10476399297289,50.0,-0.0
53.87910604476929,166.349650669328,166.349650669328,0,116.34965066932801,50.0,-0.0
53.93044948577881,163.56218433650412,163.56218433650412,0,113.56218433650413,50.0,-0.0
53.98060083389282,160.7591712978495,160.7591712978495,0,110.75917129784949,50.0,-0.0
54.0056586265564,213.62394371211897,213.62394371211897,0,163.62394371211897,50.0,-0.0
54.12975549697876,211.83664156554954,211.83664156554954,0,161.83664156554954,50.0,-0.0
54.18115854263306,203.05955767741963,203.05955767741963,0,153.05955767741963,50.0,-0.0
54.206252098083496,199.57528828269605,199.57528828269605,0,149.57528828269605,50.0,-0.0
54.25635576248169,197.90369660945126,197.90369660945126,0,147.90369660945126,50.0,-0.0
54.3065071105957,194.59417156468834,194.59417156468834,0,144.59417156468834,50.0,-0.0
54.33155298233032,191.33718531587772,191.33718531587772,0,141.33718531587772,50.0,-0.0
54.381704330444336,189.73799871383852,189.73799871383852,0,139.73799871383852,50.0,-0.0
54.43180799484253,186.56273124656045,186.56273124656045,0,136.56273124656045,50.0,-0.0
54.48200702667236,183.44386822005654,183.44386822005654,0,133.44386822005654,50.0,-0.0
54.53205108642578,180.3716082574854,180.3716082574854,0,130.3716082574854,50.0,-0.0
54.55585718154907,177.36043003941387,177.36043003941387,0,127.36043003941387,50.0,-0.0
54.60730791091919,175.95206248059574,175.95206248059574,0,125.95206248059574,50.0,-0.0
54.6561598777771,172.93255932015623,172.93255932015623,0,122.93255932015623,50.0,-0.0
54.70750331878662,170.11507950512143,170.11507950512143,0,120.11507950512143,50.0,-0.0
54.757654666900635,167.20246172963573,167.20246172963573,0,117.20246172963571,50.0,-0.0
54.80775833129883,164.4065004132079,164.4065004132079,0,114.40650041320791,50.0,-0.0
54.83289957046509,161.6602223055524,161.6602223055524,0,111.66022230555241,50.0,-0.0
54.8830509185791,160.3053607257391,160.3053607257391,0,110.3053607257391,50.0,-0.0
54.933154582977295,157.62551479974167,157.62551479974167,0,107.62551479974167,50.0,-0.0
54.98330593109131,154.9932936362967,154.9932936362967,0,104.99329363629668,50.0,-0.0
55.007100105285645,235.7362204145211,235.7362204145211,0,185.7362204145211,50.0,-0.0
55.13240098953247,233.86488497325746,233.86488497325746,0,183.86488497325746,50.0,-0.0
55.15875816345215,224.08910083503497,224.08910083503497,0,174.08910083503497,50.0,-0.0
55.20890951156616,222.11927408484237,222.11927408484237,0,172.11927408484237,50.0,-0.0
55.2590012550354,218.404344038782,218.404344038782,0,168.404344038782,50.0,-0.0
55.309200286865234,214.7563236753234,214.7563236753234,0,164.7563236753234,50.0,-0.0
55.33421039581299,211.16199378797614,211.16199378797614,0,161.16199378797614,50.0,-0.0
55.38311004638672,209.4014236980142,209.4014236980142,0,159.4014236980142,50.0,-0.0
55.43324947357178,205.98808208040015,205.98808208040015,0,155.98808208040015,50.0,-0.0
55.508410930633545,202.54568747448394,202.54568747448394,0,152.54568747448394,50.0,-0.0
55.60870170593262,197.47228358018924,197.47228358018924,0,147.47228358018924,50.0,-0.0
55.660057067871094,190.8735813681225,190.8735813681225,0,140.8735813681225,50.0,-0.0
55.73525428771973,187.6084732555792,187.6084732555792,0,137.6084732555792,50.0,-0.0
55.81045150756836,182.91002726053432,182.91002726053432,0,132.91002726053432,50.0,-0.0
55.884408950805664,178.330300651092,178.330300651092,0,128.330300651092,50.0,-0.0
55.9609055519104,173.9399000892619,173.9399000892619,0,123.9399000892619,50.0,-0.0
56.011056900024414,252.8449675823917,252.8449675823917,0,202.8449675823917,50.0,-0.0
56.13510608673096,248.61897336250806,248.61897336250806,0,198.61897336250806,50.0,-0.0
56.18525743484497,238.34219334917717,238.34219334917717,0,188.34219334917717,50.0,-0.0
56.21030330657959,234.36068699646978,234.36068699646978,0,184.36068699646978,50.0,-0.0
56.26040697097778,232.40582496519457,232.40582496519457,0,182.40582496519457,50.0,-0.0
56.3105583190918,228.52810056085232,228.52810056085232,0,178.52810056085232,50.0,-0.0
56.36070966720581,224.71207206494825,224.71207206494825,0,174.71207206494825,50.0,-0.0
56.38575553894043,220.96039350729632,220.96039350729632,0,170.96039350729632,50.0,-0.0
56.43590688705444,219.1183803504658,219.1183803504658,0,169.1183803504658,50.0,-0.0
56.48601055145264,215.46103559888442,215.46103559888442,0,165.46103559888442,50.0,-0.0
56.536149978637695,211.86879273097045,211.86879273097045,0,161.86879273097045,50.0,-0.0
56.58630132675171,208.33456003919127,208.33456003919127,0,158.33456003919127,50.0,-0.0
56.61135911941528,204.859100625925,204.859100625925,0,154.859100625925,50.0,-0.0
56.6615104675293,203.15190191329685,203.15190191329685,0,153.15190191329685,50.0,-0.0
56.711649894714355,199.76386685019315,199.76386685019315,0,149.76386685019315,50.0,-0.0
56.76175355911255,196.43377892006703,196.43377892006703,0,146.43377892006703,50.0,-0.0
56.78685903549194,193.16219362773194,193.16219362773194,0,143.16219362773194,50.0,-0.0
56.83695077896118,191.55052937098014,191.55052937098014,0,141.55052937098014,50.0,-0.0
56.887102127075195,188.36201358899567,188.36201358899567,0,138.36201358899567,50.0,-0.0
56.93720579147339,185.22350307991954,185.22350307991954,0,135.22350307991954,50.0,-0.0
56.96231126785278,182.14088453698855,182.14088453698855,0,132.14088453698855,50.0,-0.0
57.01240301132202,236.17787012814543,236.17787012814543,0,186.17787012814543,50.0,-0.0
57.11270570755005,232.24300807680694,232.24300807680694,0,182.24300807680694,50.0,-0.0
57.16285705566406,224.4967280263472,224.4967280263472,0,174.4967280263472,50.0,-0.0
57.212960720062256,220.7543251519235,220.7543251519235,0,170.7543251519235,50.0,-0.0
57.263100147247314,217.0785882829394,217.0785882829394,0,167.0785882829394,50.0,-0.0
57.31320381164551,213.46225919895332,213.46225919895332,0,163.46225919895332,50.0,-0.0
57.36335515975952,209.90949838080235,209.90949838080235,0,159.90949838080235,50.0,-0.0
57.413506507873535,206.4133336032973,206.4133336032973,0,156.4133336032973,50.0,-0.0
57.438600063323975,202.97619387191997,202.97619387191997,0,152.97619387191997,50.0,-0.0
57.48870372772217,201.28543504744866,201.28543504744866,0,151.28543504744866,50.0,-0.0
57.5639009475708,197.93806019093347,197.93806019093347,0,147.93806019093347,50.0,-0.0
57.614004611968994,192.9989578599854,192.9989578599854,0,142.9989578599854,50.0,-0.0
57.66415596008301,189.79137323583916,189.79137323583916,0,139.79137323583916,50.0,-0.0
57.68924951553345,186.63490329345294,186.63490329345294,0,136.63490329345294,50.0,-0.0
57.73935317993164,185.0822153109096,185.0822153109096,0,135.0822153109096,50.0,-0.0
57.789504528045654,182.0082006974217,182.0082006974217,0,132.0082006974217,50.0,-0.0
57.83960819244385,178.98317868539166,178.98317868539166,0,128.98317868539166,50.0,-0.0
57.86470174789429,176.0120774243564,176.0120774243564,0,126.0120774243564,50.0,-0.0
57.91480541229248,174.54916293390602,174.54916293390602,0,124.54916293390603,50.0,-0.0
57.964956760406494,171.65288617220762,171.65288617220762,0,121.65288617220762,50.0,-0.0
58.01510810852051,252.13611068463112,252.13611068463112,0,202.13611068463112,50.0,-0.0
58.11535120010376,247.93669501989308,247.93669501989308,0,197.93669501989308,50.0,-0.0
58.16550254821777,239.68465897359516,239.68465897359516,0,189.68465897359516,50.0,-0.0
58.21560621261597,235.69560998950135,235.69560998950135,0,185.69560998950135,50.0,-0.0
58.26575756072998,231.77769322554562,231.77769322554562,0,181.77769322554562,50.0,-0.0
58.315908908843994,227.92225350817353,227.92225350817353,0,177.92225350817353,50.0,-0.0
58.34095478057861,224.13196776902032,224.13196776902032,0,174.13196776902032,50.0,-0.0
58.39110612869263,222.2710675968928,222.2710675968928,0,172.2710675968928,50.0,-0.0
58.44120979309082,218.57628973297,218.57628973297,0,168.57628973297,50.0,-0.0
58.491361141204834,214.94741367623203,214.94741367623203,0,164.94741367623203,50.0,-0.0
58.51640701293945,211.3764219026975,211.3764219026975,0,161.3764219026975,50.0,-0.0
58.56655836105347,209.62319365607192,209.62319365607192,0,159.62319365607192,50.0,-0.0
58.61670970916748,206.14220205616576,206.14220205616576,0,156.14220205616576,50.0,-0.0
58.66820812225342,202.7200569355294,202.7200569355294,0,152.7200569355294,50.0,-0.0
58.69325399398804,199.26540181687952,199.26540181687952,0,149.26540181687952,50.0,-0.0
58.76845121383667,197.61442498374748,197.61442498374748,0,147.61442498374748,50.0,-0.0
58.793509006500244,192.6994199749764,192.6994199749764,0,142.6994199749764,50.0,-0.0
58.84370803833008,191.10312742882857,191.10312742882857,0,141.10312742882857,50.0,-0.0
58.89245271682739,187.93224436043693,187.93224436043693,0,137.93224436043693,50.0,-0.0
58.942556381225586,184.90534293759788,184.90534293759788,0,134.90534293759788,50.0,-0.0
58.99395942687988,181.84519117673386,181.84519117673386,0,131.84519117673386,50.0,-0.0
59.04420614242554,255,255.0,0,212.0920550011421,50.0,-0.0
59.143054485321045,255,255.0,0,207.8463608367616,50.0,-0.0
59.194350242614746,249.49518230379272,249.49518230379272,0,199.49518230379272,50.0,-0.0
59.244608879089355,245.25713595377675,245.25713595377675,0,195.25713595377675,50.0,-0.0
59.269654750823975,241.17662381038167,241.17662381038167,0,191.17662381038167,50.0,-0.0
59.31980609893799,239.17761858342982,239.17761858342982,0,189.17761858342982,50.0,-0.0
59.369957447052,235.2086714254919,235.2086714254919,0,185.2086714254919,50.0,-0.0
59.420061111450195,231.30687684569517,231.30687684569517,0,181.30687684569517,50.0,-0.0
59.445106983184814,227.4747497900389,227.4747497900389,0,177.4747497900389,50.0,-0.0
59.494006633758545,225.59152641925513,225.59152641925513,0,175.59152641925513,50.0,-0.0
59.54415798187256,221.94578744917033,221.94578744917033,0,171.94578744917033,50.0,-0.0
59.595561027526855,218.26842462347517,218.26842462347517,0,168.26842462347517,50.0,-0.0
59.64440107345581,214.5630698740936,214.5630698740936,0,164.5630698740936,50.0,-0.0
59.67090129852295,211.10354077166303,211.10354077166303,0,161.10354077166303,50.0,-0.0
59.72084999084473,209.25736873006048,209.25736873006048,0,159.25736873006048,50.0,-0.0
59.77095365524292,205.80875257154156,205.80875257154156,0,155.80875257154156,50.0,-0.0
59.82100963592529,202.40775725731882,202.40775725731882,0,152.40775725731882,50.0,-0.0
59.84605550765991,199.06746231379202,199.06746231379202,0,149.06746231379202,50.0,-0.0
59.89505052566528,197.42436227504126,197.42436227504126,0,147.42436227504126,50.0,-0.0
59.94635820388794,194.2372874671002,194.2372874671002,0,144.2372874671002,50.0,-0.0
59.99644994735718,190.9549794832766,190.9549794832766,0,140.9549794832766,50.0,-0.0
60.02155542373657,243.36152206215954,243.36152206215954,0,193.36152206215954,50.0,-0.0
60.140907764434814,241.3435886929774,241.3435886929774,0,191.3435886929774,50.0,-0.0
60.192155838012695,231.83157874390855,231.83157874390855,0,181.83157874390855,50.0,-0.0
60.24235486984253,227.9118702304288,227.9118702304288,0,177.9118702304288,50.0,-0.0
60.267508029937744,224.1388459805627,224.1388459805627,0,174.1388459805627,50.0,-0.0
60.31755208969116,222.28035301599112,222.28035301599112,0,172.28035301599112,50.0,-0.0
60.367655754089355,218.61415661286605,218.61415661286605,0,168.61415661286605,50.0,-0.0
60.41780710220337,215.00563542592835,215.00563542592835,0,165.00563542592835,50.0,-0.0
60.46791076660156,211.45480741766383,211.45480741766383,0,161.45480741766383,50.0,-0.0
60.516953468322754,207.96745182368534,207.96745182368534,0,157.96745182368534,50.0,-0.0
60.56700944900513,204.61171765090214,204.61171765090214,0,154.61171765090214,50.0,-0.0
60.61830520629883,201.24339669146104,201.24339669146104,0,151.24339669146104,50.0,-0.0
60.64341068267822,197.85002308414644,197.85002308414644,0,147.85002308414644,50.0,-0.0
60.69365739822388,196.21800128622047,196.21800128622047,0,146.21800128622047,50.0,-0.0
60.743653774261475,192.9793400914683,192.9793400914683,0,142.9793400914683,50.0,-0.0
60.79380512237549,189.81152624635476,189.81152624635476,0,139.81152624635476,50.0,-0.0
60.81891059875488,186.68757664491577,186.68757664491577,0,136.68757664491577,50.0,-0.0
60.86905002593994,185.15024824704983,185.15024824704983,0,135.15024824704983,50.0,-0.0
60.919153690338135,182.10601971667194,182.10601971667194,0,132.10601971667194,50.0,-0.0
