"Time","NEDC","Speed"
1,0,0.0,0.0,0.0,0.0
2,0,0.0,0.0,0.0,0.0
3,0,0.0,0.0,0.0,0.0
4,0,0.0,0.0,0.0,0.0
5,0,0.0,0.0,0.0,0.0
6,0,0.0,0.0,0.0,0.0
7,0,0.0,0.0,0.0,0.0
8,0,0.0,0.0,0.0,0.0
9,0,0.0,0.0,0.0,0.0
10,0,0.0,0.0,0.0,0.0
11,0,0.0,0.0,0.0,0.0
12,4,0.0,0.0,0.0,0.0
13,7,0.8526605597899287,4.0,280.0,0.0
14,11,1.7053211195798574,6.147339440210072,280.0,0.0
15,15,2.557981679369786,9.294678880420143,280.0,0.0
16,15,3.410642239159715,12.442018320630215,280.0,0.0
17,15,4.263302798949644,11.589357760840285,280.0,0.0
18,15,5.115963358739572,10.736697201050356,280.0,0.0
19,15,5.9686239185295005,9.884036641260428,280.0,0.0
20,15,6.821284478319429,9.0313760814705,280.0,0.0
21,15,7.673945038109357,8.178715521680571,280.0,0.0
22,15,8.526605597899286,7.326054961890643,280.0,0.0
23,15,9.379266157689214,6.473394402100714,280.0,0.0
24,12,10.231926717479142,5.620733842310786,280.0,0.0
25,10,11.08458727726907,1.7680732825208576,280.0,0.0
26,7,11.606967553138542,-1.0845872772690708,171.54127227309291,0.0
27,3,11.606967553138542,-4.606967553138542,0.0,0.0
28,0,11.606967553138542,-8.606967553138542,0.0,0.0
29,0,5.516534983210479,-11.606967553138542,0.0,500.0
30,0,5.516534983210479,-5.516534983210479,0.0,0.0
31,0,5.516534983210479,-5.516534983210479,0.0,0.0
32,0,5.516534983210479,-5.516534983210479,0.0,0.0
33,0,5.516534983210479,-5.516534983210479,0.0,0.0
34,0,5.516534983210479,-5.516534983210479,0.0,0.0
35,0,5.516534983210479,-5.516534983210479,0.0,0.0
36,0,5.516534983210479,-5.516534983210479,0.0,0.0
37,0,5.516534983210479,-5.516534983210479,0.0,0.0
38,0,5.516534983210479,-5.516534983210479,0.0,0.0
39,0,5.516534983210479,-5.516534983210479,0.0,0.0
40,0,5.516534983210479,-5.516534983210479,0.0,0.0
41,0,5.516534983210479,-5.516534983210479,0.0,0.0
42,0,5.516534983210479,-5.516534983210479,0.0,0.0
43,0,5.516534983210479,-5.516534983210479,0.0,0.0
44,0,5.516534983210479,-5.516534983210479,0.0,0.0
45,0,5.516534983210479,-5.516534983210479,0.0,0.0
46,0,5.516534983210479,-5.516534983210479,0.0,0.0
47,0,5.516534983210479,-5.516534983210479,0.0,0.0
48,0,5.516534983210479,-5.516534983210479,0.0,0.0
49,0,5.516534983210479,-5.516534983210479,0.0,0.0
50,3,5.516534983210479,-5.516534983210479,0.0,0.0
51,5,5.516534983210479,-2.5165349832104793,0.0,0.0
52,8,5.516534983210479,-0.5165349832104793,0.0,0.0
53,11,6.272803794437071,2.4834650167895207,248.34650167895208,0.0
54,13,7.125464354227,4.727196205562929,280.0,0.0
55,16,7.978124914016928,5.874535645773,280.0,0.0
56,19,8.830785473806857,8.021875085983073,280.0,0.0
57,21,9.683446033596786,10.169214526193143,280.0,0.0
58,24,10.536106593386714,11.316553966403214,280.0,0.0
59,27,11.388767153176643,13.463893406613286,280.0,0.0
60,29,12.241427712966571,15.611232846823357,280.0,0.0
61,32,13.0940882727565,16.75857228703343,280.0,0.0
62,32,13.946748832546428,18.9059117272435,280.0,0.0
63,32,14.799409392336356,18.053251167453574,280.0,0.0
64,32,15.652069952126284,17.200590607663642,280.0,0.0
65,32,16.504730511916215,16.347930047873717,280.0,0.0
66,32,17.357391071706143,15.495269488083785,280.0,0.0
67,32,18.21005163149607,14.642608928293857,280.0,0.0
68,32,19.062712191286,13.789948368503929,280.0,0.0
69,32,19.915372751075928,12.937287808714,280.0,0.0
70,32,20.768033310865857,12.084627248924072,280.0,0.0
71,32,21.620693870655785,11.231966689134143,280.0,0.0
72,32,22.473354430445713,10.379306129344215,280.0,0.0
73,32,23.32601499023564,9.526645569554287,280.0,0.0
74,32,24.17867555002557,8.673985009764358,280.0,0.0
75,32,25.0313361098155,7.82132444997443,280.0,0.0
76,32,25.883996669605427,6.9686638901845015,280.0,0.0
77,32,26.736657229395355,6.116003330394573,280.0,0.0
78,32,27.589317789185284,5.263342770604645,280.0,0.0
79,32,28.441978348975212,4.410682210814716,280.0,0.0
80,32,29.29463890876514,3.558021651024788,280.0,0.0
81,32,30.14729946855507,2.7053610912348596,280.0,0.0
82,32,30.999960028344997,1.8527005314449312,280.0,0.0
83,32,31.852620588134926,1.0000399716550028,280.0,0.0
84,32,32.70528114792486,0.14737941186507442,280.0,0.0
85,32,33.343168344000894,-0.7052811479248575,209.47188520751425,0.0
86,29,33.57203172861696,-1.343168344000894,75.15505080742486,0.0
87,27,33.57203172861696,-4.572031728616963,0.0,0.0
88,24,33.57203172861696,-6.572031728616963,0.0,0.0
89,21,33.57203172861696,-9.572031728616963,0.0,0.0
90,18,27.4815991586889,-12.572031728616963,0.0,500.0
91,15,27.4815991586889,-9.481599158688901,0.0,0.0
92,13,21.39116658876084,-12.481599158688901,0.0,500.0
93,10,21.39116658876084,-8.39116658876084,0.0,0.0
94,7,15.300734018832777,-11.39116658876084,0.0,500.0
95,3,15.300734018832777,-8.300734018832777,0.0,0.0
96,0,9.210301448904715,-12.300734018832777,0.0,500.0
97,0,9.210301448904715,-9.210301448904715,0.0,0.0
98,0,9.210301448904715,-9.210301448904715,0.0,0.0
99,0,9.210301448904715,-9.210301448904715,0.0,0.0
100,0,9.210301448904715,-9.210301448904715,0.0,0.0
101,0,9.210301448904715,-9.210301448904715,0.0,0.0
102,0,9.210301448904715,-9.210301448904715,0.0,0.0
103,0,9.210301448904715,-9.210301448904715,0.0,0.0
104,0,9.210301448904715,-9.210301448904715,0.0,0.0
105,0,9.210301448904715,-9.210301448904715,0.0,0.0
106,0,9.210301448904715,-9.210301448904715,0.0,0.0
107,0,9.210301448904715,-9.210301448904715,0.0,0.0
108,0,9.210301448904715,-9.210301448904715,0.0,0.0
109,0,9.210301448904715,-9.210301448904715,0.0,0.0
110,0,9.210301448904715,-9.210301448904715,0.0,0.0
111,0,9.210301448904715,-9.210301448904715,0.0,0.0
112,0,9.210301448904715,-9.210301448904715,0.0,0.0
113,0,9.210301448904715,-9.210301448904715,0.0,0.0
114,0,9.210301448904715,-9.210301448904715,0.0,0.0
115,0,9.210301448904715,-9.210301448904715,0.0,0.0
116,0,9.210301448904715,-9.210301448904715,0.0,0.0
117,0,9.210301448904715,-9.210301448904715,0.0,0.0
118,2,9.210301448904715,-9.210301448904715,0.0,0.0
119,4,9.210301448904715,-7.2103014489047155,0.0,0.0
120,6,9.210301448904715,-5.2103014489047155,0.0,0.0
121,8,9.210301448904715,-3.2103014489047155,0.0,0.0
122,10,9.210301448904715,-1.2103014489047155,0.0,0.0
123,12,9.450781737705501,0.7896985510952845,78.96985510952845,0.0
124,13,10.30344229749543,2.5492182622944988,280.0,0.0
125,15,11.156102857285358,2.6965577025045704,280.0,0.0
126,17,12.008763417075286,3.843897142714642,280.0,0.0
127,19,12.861423976865215,4.991236582924714,280.0,0.0
128,21,13.714084536655143,6.138576023134785,280.0,0.0
129,23,14.566745096445072,7.285915463344857,280.0,0.0
130,25,15.419405656235,8.433254903554928,280.0,0.0
131,27,16.27206621602493,9.580594343765,280.0,0.0
132,29,17.124726775814857,10.727933783975072,280.0,0.0
133,31,17.977387335604785,11.875273224185143,280.0,0.0
134,33,18.830047895394713,13.022612664395215,280.0,0.0
135,35,19.682708455184642,14.169952104605287,280.0,0.0
136,37,20.53536901497457,15.317291544815358,280.0,0.0
137,39,21.3880295747645,16.46463098502543,280.0,0.0
138,40,22.240690134554427,17.6119704252355,280.0,0.0
139,42,23.093350694344355,17.759309865445573,280.0,0.0
140,44,23.946011254134284,18.906649305655645,280.0,0.0
141,46,24.798671813924212,20.053988745865716,280.0,0.0
142,48,25.65133237371414,21.201328186075788,280.0,0.0
143,50,26.50399293350407,22.34866762628586,280.0,0.0
144,50,27.356653493293997,23.49600706649593,280.0,0.0
145,50,28.209314053083926,22.643346506706003,280.0,0.0
146,50,29.061974612873854,21.790685946916074,280.0,0.0
147,50,29.914635172663782,20.938025387126146,280.0,0.0
148,50,30.76729573245371,20.085364827336218,280.0,0.0
149,50,31.61995629224364,19.23270426754629,280.0,0.0
150,50,32.47261685203357,18.38004370775636,280.0,0.0
151,50,33.3252774118235,17.527383147966432,280.0,0.0
152,50,34.17793797161343,16.6747225881765,280.0,0.0
153,50,35.03059853140336,15.822062028386568,280.0,0.0
154,50,35.883259091193295,14.969401468596637,280.0,0.0
155,50,36.73591965098323,14.116740908806705,280.0,0.0
156,48,37.58858021077316,13.264080349016773,280.0,0.0
157,46,38.44124077056309,10.41141978922684,280.0,0.0
158,44,39.29390133035302,7.558759229436909,280.0,0.0
159,43,40.146561890142955,4.706098669646977,280.0,0.0
160,41,40.99922244993289,2.853438109857045,280.0,0.0
161,39,41.85188300972282,0.0007775500671129976,280.0,0.0
162,37,41.85188300972282,-2.851883009722819,0.0,0.0
163,35,41.85188300972282,-4.851883009722819,0.0,0.0
164,35,41.85188300972282,-6.851883009722819,0.0,0.0
165,35,41.85188300972282,-6.851883009722819,0.0,0.0
166,35,41.85188300972282,-6.851883009722819,0.0,0.0
167,35,41.85188300972282,-6.851883009722819,0.0,0.0
168,35,41.85188300972282,-6.851883009722819,0.0,0.0
169,35,41.85188300972282,-6.851883009722819,0.0,0.0
170,35,41.85188300972282,-6.851883009722819,0.0,0.0
171,35,41.85188300972282,-6.851883009722819,0.0,0.0
172,35,41.85188300972282,-6.851883009722819,0.0,0.0
173,35,41.85188300972282,-6.851883009722819,0.0,0.0
174,35,41.85188300972282,-6.851883009722819,0.0,0.0
175,35,41.85188300972282,-6.851883009722819,0.0,0.0
176,35,41.85188300972282,-6.851883009722819,0.0,0.0
177,32,41.85188300972282,-6.851883009722819,0.0,0.0
178,30,41.85188300972282,-9.851883009722819,0.0,0.0
179,27,35.76145043979476,-11.851883009722819,0.0,500.0
180,24,35.76145043979476,-8.761450439794757,0.0,0.0
181,21,29.671017869866695,-11.761450439794757,0.0,500.0
182,18,29.671017869866695,-8.671017869866695,0.0,0.0
183,16,23.580585299938633,-11.671017869866695,0.0,500.0
184,13,23.580585299938633,-7.580585299938633,0.0,0.0
185,10,17.49015273001057,-10.580585299938633,0.0,500.0
186,7,17.49015273001057,-7.490152730010571,0.0,0.0
187,3,11.39972016008251,-10.490152730010571,0.0,500.0
188,0,11.39972016008251,-8.39972016008251,0.0,0.0
189,0,5.3092875901544465,-11.39972016008251,0.0,500.0
190,0,5.3092875901544465,-5.3092875901544465,0.0,0.0
191,0,5.3092875901544465,-5.3092875901544465,0.0,0.0
192,0,5.3092875901544465,-5.3092875901544465,0.0,0.0
193,0,5.3092875901544465,-5.3092875901544465,0.0,0.0
194,0,5.3092875901544465,-5.3092875901544465,0.0,0.0
195,0,5.3092875901544465,-5.3092875901544465,0.0,0.0
196,0,5.3092875901544465,-5.3092875901544465,0.0,0.0
197,0,5.3092875901544465,-5.3092875901544465,0.0,0.0
198,0,5.3092875901544465,-5.3092875901544465,0.0,0.0
199,0,5.3092875901544465,-5.3092875901544465,0.0,0.0
200,0,5.3092875901544465,-5.3092875901544465,0.0,0.0
201,0,5.3092875901544465,-5.3092875901544465,0.0,0.0
202,0,5.3092875901544465,-5.3092875901544465,0.0,0.0
203,0,5.3092875901544465,-5.3092875901544465,0.0,0.0
204,0,5.3092875901544465,-5.3092875901544465,0.0,0.0
205,0,5.3092875901544465,-5.3092875901544465,0.0,0.0
206,0,5.3092875901544465,-5.3092875901544465,0.0,0.0
207,4,5.3092875901544465,-5.3092875901544465,0.0,0.0
208,7,5.3092875901544465,-1.3092875901544465,0.0,0.0
209,11,5.824146086519693,1.6907124098455535,169.07124098455535,0.0
210,15,6.676806646309621,5.175853913480307,280.0,0.0
211,15,7.529467206099549,8.323193353690378,280.0,0.0
212,15,8.382127765889479,7.470532793900451,280.0,0.0
213,15,9.234788325679407,6.617872234110521,280.0,0.0
214,15,10.087448885469335,5.765211674320593,280.0,0.0
215,15,10.940109445259264,4.912551114530665,280.0,0.0
216,15,11.792770005049192,4.059890554740736,280.0,0.0
217,15,12.64543056483912,3.207229994950808,280.0,0.0
218,15,13.498091124629049,2.3545694351608795,280.0,0.0
219,12,14.350751684418977,1.501908875370951,280.0,0.0
220,10,14.487557513078976,-2.3507516844189773,44.924831558102255,0.0
221,7,14.487557513078976,-4.4875575130789755,0.0,0.0
222,3,14.487557513078976,-7.4875575130789755,0.0,0.0
223,0,8.397124943150914,-11.487557513078976,0.0,500.0
224,0,8.397124943150914,-8.397124943150914,0.0,0.0
225,0,8.397124943150914,-8.397124943150914,0.0,0.0
226,0,8.397124943150914,-8.397124943150914,0.0,0.0
227,0,8.397124943150914,-8.397124943150914,0.0,0.0
228,0,8.397124943150914,-8.397124943150914,0.0,0.0
229,0,8.397124943150914,-8.397124943150914,0.0,0.0
230,0,8.397124943150914,-8.397124943150914,0.0,0.0
231,0,8.397124943150914,-8.397124943150914,0.0,0.0
232,0,8.397124943150914,-8.397124943150914,0.0,0.0
233,0,8.397124943150914,-8.397124943150914,0.0,0.0
234,0,8.397124943150914,-8.397124943150914,0.0,0.0
235,0,8.397124943150914,-8.397124943150914,0.0,0.0
236,0,8.397124943150914,-8.397124943150914,0.0,0.0
237,0,8.397124943150914,-8.397124943150914,0.0,0.0
238,0,8.397124943150914,-8.397124943150914,0.0,0.0
239,0,8.397124943150914,-8.397124943150914,0.0,0.0
240,0,8.397124943150914,-8.397124943150914,0.0,0.0
241,0,8.397124943150914,-8.397124943150914,0.0,0.0
242,0,8.397124943150914,-8.397124943150914,0.0,0.0
243,0,8.397124943150914,-8.397124943150914,0.0,0.0
244,0,8.397124943150914,-8.397124943150914,0.0,0.0
245,3,8.397124943150914,-8.397124943150914,0.0,0.0
246,5,8.397124943150914,-5.397124943150914,0.0,0.0
247,8,8.397124943150914,-3.3971249431509136,0.0,0.0
248,11,8.397124943150914,-0.3971249431509136,0.0,0.0
249,13,9.189756694235266,2.6028750568490864,260.28750568490864,0.0
250,16,10.042417254025194,3.8102433057647342,280.0,0.0
251,19,10.895077813815123,5.957582745974806,280.0,0.0
252,21,11.747738373605051,8.104922186184877,280.0,0.0
253,24,12.60039893339498,9.252261626394949,280.0,0.0
254,27,13.453059493184908,11.39960106660502,280.0,0.0
255,29,14.305720052974836,13.546940506815092,280.0,0.0
256,32,15.158380612764764,14.694279947025164,280.0,0.0
257,32,16.011041172554695,16.841619387235234,280.0,0.0
258,32,16.863701732344623,15.988958827445305,280.0,0.0
259,32,17.71636229213455,15.136298267655377,280.0,0.0
260,32,18.56902285192448,14.283637707865449,280.0,0.0
261,32,19.421683411714408,13.43097714807552,280.0,0.0
262,32,20.274343971504337,12.578316588285592,280.0,0.0
263,32,21.127004531294265,11.725656028495663,280.0,0.0
264,32,21.979665091084193,10.872995468705735,280.0,0.0
265,32,22.83232565087412,10.020334908915807,280.0,0.0
266,32,23.68498621066405,9.167674349125878,280.0,0.0
267,32,24.53764677045398,8.31501378933595,280.0,0.0
268,32,25.390307330243907,7.4623532295460215,280.0,0.0
269,32,26.242967890033835,6.609692669756093,280.0,0.0
270,32,27.095628449823764,5.757032109966165,280.0,0.0
271,32,27.948289009613692,4.904371550176236,280.0,0.0
272,32,28.80094956940362,4.051710990386308,280.0,0.0
273,32,29.65361012919355,3.1990504305963796,280.0,0.0
274,32,30.506270688983477,2.3463898708064512,280.0,0.0
275,32,31.358931248773406,1.4937293110165228,280.0,0.0
276,32,32.211591808563334,0.6410687512265945,280.0,0.0
277,32,32.999818086233056,-0.21159180856333393,258.84081914366664,0.0
278,32,33.48357813208293,-0.9998180862330557,158.85901052036107,0.0
279,32,33.51555654914926,-1.4835781320829327,10.501197312067802,0.0
280,32,33.51555654914926,-1.5155565491492595,0.0,0.0
281,29,33.51555654914926,-1.5155565491492595,0.0,0.0
282,27,33.51555654914926,-4.5155565491492595,0.0,0.0
283,24,33.51555654914926,-6.5155565491492595,0.0,0.0
284,21,33.51555654914926,-9.51555654914926,0.0,0.0
285,18,27.425123979221198,-12.51555654914926,0.0,500.0
286,15,27.425123979221198,-9.425123979221198,0.0,0.0
287,13,21.334691409293136,-12.425123979221198,0.0,500.0
288,10,21.334691409293136,-8.334691409293136,0.0,0.0
289,7,15.244258839365074,-11.334691409293136,0.0,500.0
290,3,15.244258839365074,-8.244258839365074,0.0,0.0
291,0,9.153826269437012,-12.244258839365074,0.0,500.0
292,0,9.153826269437012,-9.153826269437012,0.0,0.0
293,0,9.153826269437012,-9.153826269437012,0.0,0.0
294,0,9.153826269437012,-9.153826269437012,0.0,0.0
295,0,9.153826269437012,-9.153826269437012,0.0,0.0
296,0,9.153826269437012,-9.153826269437012,0.0,0.0
297,0,9.153826269437012,-9.153826269437012,0.0,0.0
298,0,9.153826269437012,-9.153826269437012,0.0,0.0
299,0,9.153826269437012,-9.153826269437012,0.0,0.0
300,0,9.153826269437012,-9.153826269437012,0.0,0.0
301,0,9.153826269437012,-9.153826269437012,0.0,0.0
302,0,9.153826269437012,-9.153826269437012,0.0,0.0
303,0,9.153826269437012,-9.153826269437012,0.0,0.0
304,0,9.153826269437012,-9.153826269437012,0.0,0.0
305,0,9.153826269437012,-9.153826269437012,0.0,0.0
306,0,9.153826269437012,-9.153826269437012,0.0,0.0
307,0,9.153826269437012,-9.153826269437012,0.0,0.0
308,0,9.153826269437012,-9.153826269437012,0.0,0.0
309,0,9.153826269437012,-9.153826269437012,0.0,0.0
310,0,9.153826269437012,-9.153826269437012,0.0,0.0
311,0,9.153826269437012,-9.153826269437012,0.0,0.0
312,0,9.153826269437012,-9.153826269437012,0.0,0.0
313,2,9.153826269437012,-9.153826269437012,0.0,0.0
314,4,9.153826269437012,-7.153826269437012,0.0,0.0
315,6,9.153826269437012,-5.153826269437012,0.0,0.0
316,8,9.153826269437012,-3.153826269437012,0.0,0.0
317,10,9.153826269437012,-1.1538262694370118,0.0,0.0
318,12,9.41150447185893,0.8461737305629882,84.61737305629882,0.0
319,13,10.264165031648858,2.5884955281410704,280.0,0.0
320,15,11.116825591438786,2.735834968351142,280.0,0.0
321,17,11.969486151228715,3.8831744085612137,280.0,0.0
322,19,12.822146711018643,5.030513848771285,280.0,0.0
323,21,13.674807270808572,6.177853288981357,280.0,0.0
324,23,14.5274678305985,7.3251927291914285,280.0,0.0
325,25,15.380128390388428,8.4725321694015,280.0,0.0
326,27,16.232788950178357,9.619871609611572,280.0,0.0
327,29,17.085449509968285,10.767211049821643,280.0,0.0
328,31,17.938110069758213,11.914550490031715,280.0,0.0
329,33,18.790770629548142,13.061889930241787,280.0,0.0
330,35,19.64343118933807,14.209229370451858,280.0,0.0
331,37,20.496091749128,15.35656881066193,280.0,0.0
332,39,21.348752308917927,16.503908250872,280.0,0.0
333,40,22.201412868707855,17.651247691082073,280.0,0.0
334,42,23.054073428497784,17.798587131292145,280.0,0.0
335,44,23.906733988287712,18.945926571502216,280.0,0.0
336,46,24.75939454807764,20.093266011712288,280.0,0.0
337,48,25.61205510786757,21.24060545192236,280.0,0.0
338,50,26.464715667657497,22.38794489213243,280.0,0.0
339,50,27.317376227447426,23.535284332342503,280.0,0.0
340,50,28.170036787237354,22.682623772552574,280.0,0.0
341,50,29.022697347027282,21.829963212762646,280.0,0.0
342,50,29.87535790681721,20.977302652972718,280.0,0.0
343,50,30.72801846660714,20.12464209318279,280.0,0.0
344,50,31.580679026397068,19.27198153339286,280.0,0.0
345,50,32.433339586186996,18.419320973602932,280.0,0.0
346,50,33.28600014597693,17.566660413813004,280.0,0.0
347,50,34.13866070576686,16.713999854023072,280.0,0.0
348,50,34.99132126555679,15.86133929423314,280.0,0.0
349,50,35.843981825346724,15.008678734443208,280.0,0.0
350,50,36.696642385136656,14.156018174653276,280.0,0.0
351,48,37.54930294492659,13.303357614863344,280.0,0.0
352,46,38.40196350471652,10.450697055073412,280.0,0.0
353,44,39.25462406450645,7.5980364952834805,280.0,0.0
354,43,40.10728462429638,4.7453759354935485,280.0,0.0
355,41,40.959945184086315,2.8927153757036166,280.0,0.0
356,39,41.81260574387625,0.04005481591368465,280.0,0.0
357,37,41.81260574387625,-2.8126057438762473,0.0,0.0
358,35,41.81260574387625,-4.812605743876247,0.0,0.0
359,35,41.81260574387625,-6.812605743876247,0.0,0.0
360,35,41.81260574387625,-6.812605743876247,0.0,0.0
361,35,41.81260574387625,-6.812605743876247,0.0,0.0
362,35,41.81260574387625,-6.812605743876247,0.0,0.0
363,35,41.81260574387625,-6.812605743876247,0.0,0.0
364,35,41.81260574387625,-6.812605743876247,0.0,0.0
365,35,41.81260574387625,-6.812605743876247,0.0,0.0
366,35,41.81260574387625,-6.812605743876247,0.0,0.0
367,35,41.81260574387625,-6.812605743876247,0.0,0.0
368,35,41.81260574387625,-6.812605743876247,0.0,0.0
369,35,41.81260574387625,-6.812605743876247,0.0,0.0
370,35,41.81260574387625,-6.812605743876247,0.0,0.0
371,35,41.81260574387625,-6.812605743876247,0.0,0.0
372,32,41.81260574387625,-6.812605743876247,0.0,0.0
373,30,41.81260574387625,-9.812605743876247,0.0,0.0
374,27,35.722173173948185,-11.812605743876247,0.0,500.0
375,24,35.722173173948185,-8.722173173948185,0.0,0.0
376,21,29.631740604020123,-11.722173173948185,0.0,500.0
377,18,29.631740604020123,-8.631740604020123,0.0,0.0
378,16,23.54130803409206,-11.631740604020123,0.0,500.0
379,13,23.54130803409206,-7.5413080340920615,0.0,0.0
380,10,17.450875464164,-10.541308034092062,0.0,500.0
381,7,17.450875464164,-7.450875464164,0.0,0.0
382,3,11.360442894235938,-10.450875464164,0.0,500.0
383,0,11.360442894235938,-8.360442894235938,0.0,0.0
384,0,5.270010324307875,-11.360442894235938,0.0,500.0
385,0,5.270010324307875,-5.270010324307875,0.0,0.0
386,0,5.270010324307875,-5.270010324307875,0.0,0.0
387,0,5.270010324307875,-5.270010324307875,0.0,0.0
388,0,5.270010324307875,-5.270010324307875,0.0,0.0
389,0,5.270010324307875,-5.270010324307875,0.0,0.0
390,0,5.270010324307875,-5.270010324307875,0.0,0.0
391,0,5.270010324307875,-5.270010324307875,0.0,0.0
392,0,5.270010324307875,-5.270010324307875,0.0,0.0
393,0,5.270010324307875,-5.270010324307875,0.0,0.0
394,0,5.270010324307875,-5.270010324307875,0.0,0.0
395,0,5.270010324307875,-5.270010324307875,0.0,0.0
396,0,5.270010324307875,-5.270010324307875,0.0,0.0
397,0,5.270010324307875,-5.270010324307875,0.0,0.0
398,0,5.270010324307875,-5.270010324307875,0.0,0.0
399,0,5.270010324307875,-5.270010324307875,0.0,0.0
400,0,5.270010324307875,-5.270010324307875,0.0,0.0
401,0,5.270010324307875,-5.270010324307875,0.0,0.0
402,4,5.270010324307875,-5.270010324307875,0.0,0.0
403,7,5.270010324307875,-1.2700103243078749,0.0,0.0
404,11,5.796829597631605,1.7299896756921251,172.9989675692125,0.0
405,15,6.649490157421534,5.203170402368395,280.0,0.0
406,15,7.502150717211462,8.350509842578466,280.0,0.0
407,15,8.35481127700139,7.497849282788538,280.0,0.0
408,15,9.207471836791319,6.6451887229986095,280.0,0.0
409,15,10.060132396581247,5.792528163208681,280.0,0.0
410,15,10.912792956371176,4.939867603418753,280.0,0.0
411,15,11.765453516161104,4.087207043628824,280.0,0.0
412,15,12.618114075951032,3.234546483838896,280.0,0.0
413,15,13.47077463574096,2.3818859240489676,280.0,0.0
414,12,14.32343519553089,1.5292253642590392,280.0,0.0
415,10,14.468559485871893,-2.323435195530889,47.656480446911075,0.0
416,7,14.468559485871893,-4.468559485871893,0.0,0.0
417,3,14.468559485871893,-7.468559485871893,0.0,0.0
418,0,8.378126915943831,-11.468559485871893,0.0,500.0
419,0,8.378126915943831,-8.378126915943831,0.0,0.0
420,0,8.378126915943831,-8.378126915943831,0.0,0.0
421,0,8.378126915943831,-8.378126915943831,0.0,0.0
422,0,8.378126915943831,-8.378126915943831,0.0,0.0
423,0,8.378126915943831,-8.378126915943831,0.0,0.0
424,0,8.378126915943831,-8.378126915943831,0.0,0.0
425,0,8.378126915943831,-8.378126915943831,0.0,0.0
426,0,8.378126915943831,-8.378126915943831,0.0,0.0
427,0,8.378126915943831,-8.378126915943831,0.0,0.0
428,0,8.378126915943831,-8.378126915943831,0.0,0.0
429,0,8.378126915943831,-8.378126915943831,0.0,0.0
430,0,8.378126915943831,-8.378126915943831,0.0,0.0
431,0,8.378126915943831,-8.378126915943831,0.0,0.0
432,0,8.378126915943831,-8.378126915943831,0.0,0.0
433,0,8.378126915943831,-8.378126915943831,0.0,0.0
434,0,8.378126915943831,-8.378126915943831,0.0,0.0
435,0,8.378126915943831,-8.378126915943831,0.0,0.0
436,0,8.378126915943831,-8.378126915943831,0.0,0.0
437,0,8.378126915943831,-8.378126915943831,0.0,0.0
438,0,8.378126915943831,-8.378126915943831,0.0,0.0
439,0,8.378126915943831,-8.378126915943831,0.0,0.0
440,3,8.378126915943831,-8.378126915943831,0.0,0.0
441,5,8.378126915943831,-5.378126915943831,0.0,0.0
442,8,8.378126915943831,-3.378126915943831,0.0,0.0
443,11,8.378126915943831,-0.37812691594383097,0.0,0.0
444,13,9.176543977211502,2.621873084056169,262.18730840561693,0.0
445,16,10.02920453700143,3.8234560227884984,280.0,0.0
446,19,10.881865096791358,5.97079546299857,280.0,0.0
447,21,11.734525656581287,8.118134903208642,280.0,0.0
448,24,12.587186216371215,9.265474343418713,280.0,0.0
449,27,13.439846776161144,11.412813783628785,280.0,0.0
450,29,14.292507335951072,13.560153223838856,280.0,0.0
451,32,15.145167895741,14.707492664048928,280.0,0.0
452,32,15.997828455530929,16.854832104259,280.0,0.0
453,32,16.850489015320857,16.00217154446907,280.0,0.0
454,32,17.703149575110785,15.149510984679143,280.0,0.0
455,32,18.555810134900714,14.296850424889215,280.0,0.0
456,32,19.408470694690642,13.444189865099286,280.0,0.0
457,32,20.26113125448057,12.591529305309358,280.0,0.0
458,32,21.1137918142705,11.73886874551943,280.0,0.0
459,32,21.966452374060427,10.886208185729501,280.0,0.0
460,32,22.819112933850356,10.033547625939573,280.0,0.0
461,32,23.671773493640284,9.180887066149644,280.0,0.0
462,32,24.524434053430213,8.328226506359716,280.0,0.0
463,32,25.37709461322014,7.4755659465697875,280.0,0.0
464,32,26.22975517301007,6.622905386779859,280.0,0.0
465,32,27.082415732799998,5.770244826989931,280.0,0.0
466,32,27.935076292589926,4.917584267200002,280.0,0.0
467,32,28.787736852379854,4.064923707410074,280.0,0.0
468,32,29.640397412169783,3.2122631476201455,280.0,0.0
469,32,30.49305797195971,2.359602587830217,280.0,0.0
470,32,31.34571853174964,1.5069420280402888,280.0,0.0
471,32,32.19837909153957,0.6542814682503604,280.0,0.0
472,32,32.99062892731423,-0.19837909153957156,260.1620908460428,0.0
473,32,33.48121082890752,-0.9906289273142335,161.09919811461947,0.0
474,32,33.52073199673538,-1.4812108289075212,12.978115223867349,0.0
475,32,33.52073199673538,-1.5207319967353783,0.0,0.0
476,29,33.52073199673538,-1.5207319967353783,0.0,0.0
477,27,33.52073199673538,-4.520731996735378,0.0,0.0
478,24,33.52073199673538,-6.520731996735378,0.0,0.0
479,21,33.52073199673538,-9.520731996735378,0.0,0.0
480,18,27.430299426807316,-12.520731996735378,0.0,500.0
481,15,27.430299426807316,-9.430299426807316,0.0,0.0
482,13,21.339866856879254,-12.430299426807316,0.0,500.0
483,10,21.339866856879254,-8.339866856879254,0.0,0.0
484,7,15.249434286951193,-11.339866856879254,0.0,500.0
485,3,15.249434286951193,-8.249434286951193,0.0,0.0
486,0,9.15900171702313,-12.249434286951193,0.0,500.0
487,0,9.15900171702313,-9.15900171702313,0.0,0.0
488,0,9.15900171702313,-9.15900171702313,0.0,0.0
489,0,9.15900171702313,-9.15900171702313,0.0,0.0
490,0,9.15900171702313,-9.15900171702313,0.0,0.0
491,0,9.15900171702313,-9.15900171702313,0.0,0.0
492,0,9.15900171702313,-9.15900171702313,0.0,0.0
493,0,9.15900171702313,-9.15900171702313,0.0,0.0
494,0,9.15900171702313,-9.15900171702313,0.0,0.0
495,0,9.15900171702313,-9.15900171702313,0.0,0.0
496,0,9.15900171702313,-9.15900171702313,0.0,0.0
497,0,9.15900171702313,-9.15900171702313,0.0,0.0
498,0,9.15900171702313,-9.15900171702313,0.0,0.0
499,0,9.15900171702313,-9.15900171702313,0.0,0.0
500,0,9.15900171702313,-9.15900171702313,0.0,0.0
501,0,9.15900171702313,-9.15900171702313,0.0,0.0
502,0,9.15900171702313,-9.15900171702313,0.0,0.0
503,0,9.15900171702313,-9.15900171702313,0.0,0.0
504,0,9.15900171702313,-9.15900171702313,0.0,0.0
505,0,9.15900171702313,-9.15900171702313,0.0,0.0
506,0,9.15900171702313,-9.15900171702313,0.0,0.0
507,0,9.15900171702313,-9.15900171702313,0.0,0.0
508,2,9.15900171702313,-9.15900171702313,0.0,0.0
509,4,9.15900171702313,-7.159001717023131,0.0,0.0
510,6,9.15900171702313,-5.159001717023131,0.0,0.0
511,8,9.15900171702313,-3.1590017170231306,0.0,0.0
512,10,9.15900171702313,-1.1590017170231306,0.0,0.0
513,12,9.415103883717926,0.8409982829768694,84.09982829768694,0.0
514,13,10.267764443507854,2.5848961162820743,280.0,0.0
515,15,11.120425003297782,2.732235556492146,280.0,0.0
516,17,11.97308556308771,3.8795749967022175,280.0,0.0
517,19,12.82574612287764,5.026914436912289,280.0,0.0
518,21,13.678406682667568,6.174253877122361,280.0,0.0
519,23,14.531067242457496,7.321593317332432,280.0,0.0
520,25,15.383727802247424,8.468932757542504,280.0,0.0
521,27,16.236388362037353,9.616272197752576,280.0,0.0
522,29,17.08904892182728,10.763611637962647,280.0,0.0
523,31,17.94170948161721,11.910951078172719,280.0,0.0
524,33,18.794370041407138,13.05829051838279,280.0,0.0
525,35,19.647030601197066,14.205629958592862,280.0,0.0
526,37,20.499691160986995,15.352969398802934,280.0,0.0
527,39,21.352351720776923,16.500308839013005,280.0,0.0
528,40,22.20501228056685,17.647648279223077,280.0,0.0
529,42,23.05767284035678,17.79498771943315,280.0,0.0
530,44,23.91033340014671,18.94232715964322,280.0,0.0
531,46,24.762993959936637,20.08966659985329,280.0,0.0
532,48,25.615654519726565,21.237006040063363,280.0,0.0
533,50,26.468315079516493,22.384345480273435,280.0,0.0
534,50,27.320975639306422,23.531684920483507,280.0,0.0
535,50,28.17363619909635,22.679024360693578,280.0,0.0
536,50,29.02629675888628,21.82636380090365,280.0,0.0
537,50,29.878957318676207,20.97370324111372,280.0,0.0
538,50,30.731617878466135,20.121042681323793,280.0,0.0
539,50,31.584278438256064,19.268382121533865,280.0,0.0
540,50,32.436938998045996,18.415721561743936,280.0,0.0
541,50,33.28959955783593,17.563061001954004,280.0,0.0
542,50,34.14226011762586,16.710400442164072,280.0,0.0
543,50,34.99492067741579,15.85773988237414,280.0,0.0
544,50,35.84758123720572,15.005079322584209,280.0,0.0
545,50,36.700241796995655,14.152418762794277,280.0,0.0
546,48,37.55290235678559,13.299758203004345,280.0,0.0
547,46,38.40556291657552,10.447097643214413,280.0,0.0
548,44,39.25822347636545,7.594437083424481,280.0,0.0
549,43,40.11088403615538,4.741776523634549,280.0,0.0
550,41,40.963544595945315,2.889115963844617,280.0,0.0
551,39,41.81620515573525,0.03645540405468495,280.0,0.0
552,37,41.81620515573525,-2.816205155735247,0.0,0.0
553,35,41.81620515573525,-4.816205155735247,0.0,0.0
554,35,41.81620515573525,-6.816205155735247,0.0,0.0
555,35,41.81620515573525,-6.816205155735247,0.0,0.0
556,35,41.81620515573525,-6.816205155735247,0.0,0.0
557,35,41.81620515573525,-6.816205155735247,0.0,0.0
558,35,41.81620515573525,-6.816205155735247,0.0,0.0
559,35,41.81620515573525,-6.816205155735247,0.0,0.0
560,35,41.81620515573525,-6.816205155735247,0.0,0.0
561,35,41.81620515573525,-6.816205155735247,0.0,0.0
562,35,41.81620515573525,-6.816205155735247,0.0,0.0
563,35,41.81620515573525,-6.816205155735247,0.0,0.0
564,35,41.81620515573525,-6.816205155735247,0.0,0.0
565,35,41.81620515573525,-6.816205155735247,0.0,0.0
566,35,41.81620515573525,-6.816205155735247,0.0,0.0
567,32,41.81620515573525,-6.816205155735247,0.0,0.0
568,30,41.81620515573525,-9.816205155735247,0.0,0.0
569,27,35.725772585807185,-11.816205155735247,0.0,500.0
570,24,35.725772585807185,-8.725772585807185,0.0,0.0
571,21,29.635340015879123,-11.725772585807185,0.0,500.0
572,18,29.635340015879123,-8.635340015879123,0.0,0.0
573,16,23.54490744595106,-11.635340015879123,0.0,500.0
574,13,23.54490744595106,-7.544907445951061,0.0,0.0
575,10,17.454474876023,-10.544907445951061,0.0,500.0
576,7,17.454474876023,-7.454474876022999,0.0,0.0
577,3,11.364042306094937,-10.454474876023,0.0,500.0
578,0,11.364042306094937,-8.364042306094937,0.0,0.0
579,0,5.273609736166875,-11.364042306094937,0.0,500.0
580,0,5.273609736166875,-5.273609736166875,0.0,0.0
581,0,5.273609736166875,-5.273609736166875,0.0,0.0
582,0,5.273609736166875,-5.273609736166875,0.0,0.0
583,0,5.273609736166875,-5.273609736166875,0.0,0.0
584,0,5.273609736166875,-5.273609736166875,0.0,0.0
585,0,5.273609736166875,-5.273609736166875,0.0,0.0
586,0,5.273609736166875,-5.273609736166875,0.0,0.0
587,0,5.273609736166875,-5.273609736166875,0.0,0.0
588,0,5.273609736166875,-5.273609736166875,0.0,0.0
589,0,5.273609736166875,-5.273609736166875,0.0,0.0
590,0,5.273609736166875,-5.273609736166875,0.0,0.0
591,0,5.273609736166875,-5.273609736166875,0.0,0.0
592,0,5.273609736166875,-5.273609736166875,0.0,0.0
593,0,5.273609736166875,-5.273609736166875,0.0,0.0
594,0,5.273609736166875,-5.273609736166875,0.0,0.0
595,0,5.273609736166875,-5.273609736166875,0.0,0.0
596,0,5.273609736166875,-5.273609736166875,0.0,0.0
597,4,5.273609736166875,-5.273609736166875,0.0,0.0
598,7,5.273609736166875,-1.2736097361668746,0.0,0.0
599,11,5.799332910729673,1.7263902638331254,172.63902638331254,0.0
600,15,6.651993470519601,5.200667089270327,280.0,0.0
601,15,7.5046540303095295,8.348006529480399,280.0,0.0
602,15,8.357314590099458,7.4953459696904705,280.0,0.0
603,15,9.209975149889386,6.642685409900542,280.0,0.0
604,15,10.062635709679315,5.790024850110614,280.0,0.0
605,15,10.915296269469243,4.937364290320685,280.0,0.0
606,15,11.767956829259171,4.084703730530757,280.0,0.0
607,15,12.6206173890491,3.2320431707408286,280.0,0.0
608,15,13.473277948839028,2.3793826109509,280.0,0.0
609,12,14.325938508628957,1.5267220511609718,280.0,0.0
610,10,14.4703004859887,-2.3259385086289566,47.406149137104336,0.0
611,7,14.4703004859887,-4.4703004859887,0.0,0.0
612,3,14.4703004859887,-7.4703004859887,0.0,0.0
613,0,8.379867916060636,-11.4703004859887,0.0,500.0
614,0,8.379867916060636,-8.379867916060636,0.0,0.0
615,0,8.379867916060636,-8.379867916060636,0.0,0.0
616,0,8.379867916060636,-8.379867916060636,0.0,0.0
617,0,8.379867916060636,-8.379867916060636,0.0,0.0
618,0,8.379867916060636,-8.379867916060636,0.0,0.0
619,0,8.379867916060636,-8.379867916060636,0.0,0.0
620,0,8.379867916060636,-8.379867916060636,0.0,0.0
621,0,8.379867916060636,-8.379867916060636,0.0,0.0
622,0,8.379867916060636,-8.379867916060636,0.0,0.0
623,0,8.379867916060636,-8.379867916060636,0.0,0.0
624,0,8.379867916060636,-8.379867916060636,0.0,0.0
625,0,8.379867916060636,-8.379867916060636,0.0,0.0
626,0,8.379867916060636,-8.379867916060636,0.0,0.0
627,0,8.379867916060636,-8.379867916060636,0.0,0.0
628,0,8.379867916060636,-8.379867916060636,0.0,0.0
629,0,8.379867916060636,-8.379867916060636,0.0,0.0
630,0,8.379867916060636,-8.379867916060636,0.0,0.0
631,0,8.379867916060636,-8.379867916060636,0.0,0.0
632,0,8.379867916060636,-8.379867916060636,0.0,0.0
633,0,8.379867916060636,-8.379867916060636,0.0,0.0
634,0,8.379867916060636,-8.379867916060636,0.0,0.0
635,3,8.379867916060636,-8.379867916060636,0.0,0.0
636,5,8.379867916060636,-5.379867916060636,0.0,0.0
637,8,8.379867916060636,-3.379867916060636,0.0,0.0
638,11,8.379867916060636,-0.3798679160606362,0.0,0.0
639,13,9.177754805137525,2.620132083939364,262.0132083939364,0.0
640,16,10.030415364927453,3.822245194862475,280.0,0.0
641,19,10.883075924717382,5.969584635072547,280.0,0.0
642,21,11.73573648450731,8.116924075282618,280.0,0.0
643,24,12.588397044297238,9.26426351549269,280.0,0.0
644,27,13.441057604087167,11.411602955702762,280.0,0.0
645,29,14.293718163877095,13.558942395912833,280.0,0.0
646,32,15.146378723667024,14.706281836122905,280.0,0.0
647,32,15.999039283456952,16.853621276332976,280.0,0.0
648,32,16.85169984324688,16.000960716543048,280.0,0.0
649,32,17.70436040303681,15.14830015675312,280.0,0.0
650,32,18.557020962826737,14.295639596963191,280.0,0.0
651,32,19.409681522616665,13.442979037173263,280.0,0.0
652,32,20.262342082406594,12.590318477383335,280.0,0.0
653,32,21.115002642196522,11.737657917593406,280.0,0.0
654,32,21.96766320198645,10.884997357803478,280.0,0.0
655,32,22.82032376177638,10.03233679801355,280.0,0.0
656,32,23.672984321566307,9.179676238223621,280.0,0.0
657,32,24.525644881356236,8.327015678433693,280.0,0.0
658,32,25.378305441146164,7.474355118643764,280.0,0.0
659,32,26.230966000936093,6.621694558853836,280.0,0.0
660,32,27.08362656072602,5.7690339990639075,280.0,0.0
661,32,27.93628712051595,4.916373439273979,280.0,0.0
662,32,28.788947680305878,4.063712879484051,280.0,0.0
663,32,29.641608240095806,3.2110523196941223,280.0,0.0
664,32,30.494268799885734,2.358391759904194,280.0,0.0
665,32,31.346929359675663,1.5057312001142655,280.0,0.0
666,32,32.199589919465595,0.6530706403243371,280.0,0.0
667,32,32.99147103194839,-0.1995899194655948,260.0410080534405,0.0
668,32,33.48142777117526,-0.991471031948393,160.89390485860122,0.0
669,32,33.52025771302404,-1.4814277711752624,12.751127741074981,0.0
670,32,33.52025771302404,-1.5202577130240371,0.0,0.0
671,29,33.52025771302404,-1.5202577130240371,0.0,0.0
672,27,33.52025771302404,-4.520257713024037,0.0,0.0
673,24,33.52025771302404,-6.520257713024037,0.0,0.0
674,21,33.52025771302404,-9.520257713024037,0.0,0.0
675,18,27.429825143095975,-12.520257713024037,0.0,500.0
676,15,27.429825143095975,-9.429825143095975,0.0,0.0
677,13,21.339392573167913,-12.429825143095975,0.0,500.0
678,10,21.339392573167913,-8.339392573167913,0.0,0.0
679,7,15.248960003239851,-11.339392573167913,0.0,500.0
680,3,15.248960003239851,-8.248960003239851,0.0,0.0
681,0,9.15852743331179,-12.248960003239851,0.0,500.0
682,0,9.15852743331179,-9.15852743331179,0.0,0.0
683,0,9.15852743331179,-9.15852743331179,0.0,0.0
684,0,9.15852743331179,-9.15852743331179,0.0,0.0
685,0,9.15852743331179,-9.15852743331179,0.0,0.0
686,0,9.15852743331179,-9.15852743331179,0.0,0.0
687,0,9.15852743331179,-9.15852743331179,0.0,0.0
688,0,9.15852743331179,-9.15852743331179,0.0,0.0
689,0,9.15852743331179,-9.15852743331179,0.0,0.0
690,0,9.15852743331179,-9.15852743331179,0.0,0.0
691,0,9.15852743331179,-9.15852743331179,0.0,0.0
692,0,9.15852743331179,-9.15852743331179,0.0,0.0
693,0,9.15852743331179,-9.15852743331179,0.0,0.0
694,0,9.15852743331179,-9.15852743331179,0.0,0.0
695,0,9.15852743331179,-9.15852743331179,0.0,0.0
696,0,9.15852743331179,-9.15852743331179,0.0,0.0
697,0,9.15852743331179,-9.15852743331179,0.0,0.0
698,0,9.15852743331179,-9.15852743331179,0.0,0.0
699,0,9.15852743331179,-9.15852743331179,0.0,0.0
700,0,9.15852743331179,-9.15852743331179,0.0,0.0
701,0,9.15852743331179,-9.15852743331179,0.0,0.0
702,0,9.15852743331179,-9.15852743331179,0.0,0.0
703,2,9.15852743331179,-9.15852743331179,0.0,0.0
704,4,9.15852743331179,-7.158527433311789,0.0,0.0
705,6,9.15852743331179,-5.158527433311789,0.0,0.0
706,8,9.15852743331179,-3.1585274333117894,0.0,0.0
707,10,9.15852743331179,-1.1585274333117894,0.0,0.0
708,12,9.414774029654732,0.8414725666882106,84.14725666882106,0.0
709,13,10.26743458944466,2.5852259703452685,280.0,0.0
710,15,11.120095149234588,2.73256541055534,280.0,0.0
711,17,11.972755709024517,3.8799048507654117,280.0,0.0
712,19,12.825416268814445,5.027244290975483,280.0,0.0
713,21,13.678076828604373,6.174583731185555,280.0,0.0
714,23,14.530737388394302,7.3219231713956265,280.0,0.0
715,25,15.38339794818423,8.469262611605698,280.0,0.0
716,27,16.23605850797416,9.61660205181577,280.0,0.0
717,29,17.08871906776409,10.76394149202584,280.0,0.0
718,31,17.941379627554017,11.911280932235911,280.0,0.0
719,33,18.794040187343946,13.058620372445983,280.0,0.0
720,35,19.646700747133874,14.205959812656054,280.0,0.0
721,37,20.499361306923802,15.353299252866126,280.0,0.0
722,39,21.35202186671373,16.500638693076198,280.0,0.0
723,40,22.20468242650366,17.64797813328627,280.0,0.0
724,42,23.057342986293587,17.79531757349634,280.0,0.0
725,44,23.910003546083516,18.942657013706413,280.0,0.0
726,46,24.762664105873444,20.089996453916484,280.0,0.0
727,48,25.615324665663373,21.237335894126556,280.0,0.0
728,50,26.4679852254533,22.384675334336627,280.0,0.0
729,50,27.32064578524323,23.5320147745467,280.0,0.0
730,50,28.173306345033158,22.67935421475677,280.0,0.0
731,50,29.025966904823086,21.826693654966842,280.0,0.0
732,50,29.878627464613015,20.974033095176914,280.0,0.0
733,50,30.731288024402943,20.121372535386985,280.0,0.0
734,50,31.58394858419287,19.268711975597057,280.0,0.0
735,50,32.4366091439828,18.41605141580713,280.0,0.0
736,50,33.28926970377273,17.5633908560172,280.0,0.0
737,50,34.141930263562664,16.71073029622727,280.0,0.0
738,50,34.994590823352596,15.858069736437336,280.0,0.0
739,50,35.84725138314253,15.005409176647404,280.0,0.0
740,50,36.69991194293246,14.152748616857473,280.0,0.0
741,48,37.55257250272239,13.30008805706754,280.0,0.0
742,46,38.40523306251232,10.447427497277609,280.0,0.0
743,44,39.257893622302255,7.594766937487677,280.0,0.0
744,43,40.11055418209219,4.742106377697745,280.0,0.0
745,41,40.96321474188212,2.889445817907813,280.0,0.0
746,39,41.81587530167205,0.036785258117880915,280.0,0.0
747,37,41.81587530167205,-2.815875301672051,0.0,0.0
748,35,41.81587530167205,-4.815875301672051,0.0,0.0
749,35,41.81587530167205,-6.815875301672051,0.0,0.0
750,35,41.81587530167205,-6.815875301672051,0.0,0.0
751,35,41.81587530167205,-6.815875301672051,0.0,0.0
752,35,41.81587530167205,-6.815875301672051,0.0,0.0
753,35,41.81587530167205,-6.815875301672051,0.0,0.0
754,35,41.81587530167205,-6.815875301672051,0.0,0.0
755,35,41.81587530167205,-6.815875301672051,0.0,0.0
756,35,41.81587530167205,-6.815875301672051,0.0,0.0
757,35,41.81587530167205,-6.815875301672051,0.0,0.0
758,35,41.81587530167205,-6.815875301672051,0.0,0.0
759,35,41.81587530167205,-6.815875301672051,0.0,0.0
760,35,41.81587530167205,-6.815875301672051,0.0,0.0
761,35,41.81587530167205,-6.815875301672051,0.0,0.0
762,32,41.81587530167205,-6.815875301672051,0.0,0.0
763,30,41.81587530167205,-9.815875301672051,0.0,0.0
764,27,35.72544273174399,-11.815875301672051,0.0,500.0
765,24,35.72544273174399,-8.725442731743989,0.0,0.0
766,21,29.635010161815927,-11.725442731743989,0.0,500.0
767,18,29.635010161815927,-8.635010161815927,0.0,0.0
768,16,23.544577591887865,-11.635010161815927,0.0,500.0
769,13,23.544577591887865,-7.544577591887865,0.0,0.0
770,10,17.454145021959803,-10.544577591887865,0.0,500.0
771,7,17.454145021959803,-7.454145021959803,0.0,0.0
772,3,11.363712452031741,-10.454145021959803,0.0,500.0
773,0,11.363712452031741,-8.363712452031741,0.0,0.0
774,0,5.273279882103679,-11.363712452031741,0.0,500.0
775,0,5.273279882103679,-5.273279882103679,0.0,0.0
776,0,5.273279882103679,-5.273279882103679,0.0,0.0
777,0,5.273279882103679,-5.273279882103679,0.0,0.0
778,0,5.273279882103679,-5.273279882103679,0.0,0.0
779,0,5.273279882103679,-5.273279882103679,0.0,0.0
780,0,5.273279882103679,-5.273279882103679,0.0,0.0
781,0,5.273279882103679,-5.273279882103679,0.0,0.0
782,0,5.273279882103679,-5.273279882103679,0.0,0.0
783,0,5.273279882103679,-5.273279882103679,0.0,0.0
784,0,5.273279882103679,-5.273279882103679,0.0,0.0
785,0,5.273279882103679,-5.273279882103679,0.0,0.0
786,0,5.273279882103679,-5.273279882103679,0.0,0.0
787,0,5.273279882103679,-5.273279882103679,0.0,0.0
788,0,5.273279882103679,-5.273279882103679,0.0,0.0
789,0,5.273279882103679,-5.273279882103679,0.0,0.0
790,0,5.273279882103679,-5.273279882103679,0.0,0.0
791,0,5.273279882103679,-5.273279882103679,0.0,0.0
792,0,5.273279882103679,-5.273279882103679,0.0,0.0
793,0,5.273279882103679,-5.273279882103679,0.0,0.0
794,0,5.273279882103679,-5.273279882103679,0.0,0.0
795,0,5.273279882103679,-5.273279882103679,0.0,0.0
796,0,5.273279882103679,-5.273279882103679,0.0,0.0
797,0,5.273279882103679,-5.273279882103679,0.0,0.0
798,0,5.273279882103679,-5.273279882103679,0.0,0.0
799,0,5.273279882103679,-5.273279882103679,0.0,0.0
800,0,5.273279882103679,-5.273279882103679,0.0,0.0
801,2,5.273279882103679,-5.273279882103679,0.0,0.0
802,3,5.273279882103679,-3.2732798821036786,0.0,0.0
803,5,5.273279882103679,-2.2732798821036786,0.0,0.0
804,7,5.273279882103679,-0.2732798821036786,0.0,0.0
805,9,5.799103504362968,1.7267201178963214,172.67201178963214,0.0
806,10,6.651764064152896,3.200896495637032,280.0,0.0
807,12,7.504424623942825,3.3482359358471037,280.0,0.0
808,14,8.357085183732753,4.495575376057175,280.0,0.0
809,15,9.209745743522681,5.642914816267247,280.0,0.0
810,17,10.06240630331261,5.7902542564773185,280.0,0.0
811,19,10.915066863102538,6.93759369668739,280.0,0.0
812,20,11.767727422892467,8.084933136897462,280.0,0.0
813,22,12.620387982682395,8.232272577107533,280.0,0.0
814,24,13.473048542472323,9.379612017317605,280.0,0.0
815,26,14.325709102262252,10.526951457527677,280.0,0.0
816,27,15.17836966205218,11.674290897737748,280.0,0.0
817,29,16.03103022184211,11.82163033794782,280.0,0.0
818,31,16.883690781632037,12.968969778157891,280.0,0.0
819,32,17.736351341421965,14.116309218367963,280.0,0.0
820,34,18.589011901211894,14.263648658578035,280.0,0.0
821,36,19.441672461001822,15.410988098788106,280.0,0.0
822,38,20.29433302079175,16.558327538998178,280.0,0.0
823,39,21.14699358058168,17.70566697920825,280.0,0.0
824,41,21.999654140371607,17.85300641941832,280.0,0.0
825,43,22.852314700161536,19.000345859628393,280.0,0.0
826,44,23.704975259951464,20.147685299838464,280.0,0.0
827,46,24.557635819741392,20.295024740048536,280.0,0.0
828,48,25.41029637953132,21.442364180258608,280.0,0.0
829,50,26.26295693932125,22.58970362046868,280.0,0.0
830,51,27.115617499111178,23.73704306067875,280.0,0.0
831,53,27.968278058901106,23.884382500888822,280.0,0.0
832,55,28.820938618691034,25.031721941098894,280.0,0.0
833,56,29.673599178480963,26.179061381308966,280.0,0.0
834,58,30.52625973827089,26.326400821519037,280.0,0.0
835,60,31.37892029806082,27.47374026172911,280.0,0.0
836,61,32.23158085785075,28.62107970193918,280.0,0.0
837,63,33.08424141764068,28.76841914214925,280.0,0.0
838,65,33.936901977430615,29.915758582359317,280.0,0.0
839,67,34.78956253722055,31.063098022569385,280.0,0.0
840,68,35.64222309701048,32.21043746277945,280.0,0.0
841,70,36.49488365680041,32.35777690298952,280.0,0.0
842,70,37.34754421659034,33.50511634319959,280.0,0.0
843,70,38.200204776380275,32.65245578340966,280.0,0.0
844,70,39.05286533617021,31.799795223619725,280.0,0.0
845,70,39.90552589596014,30.947134663829793,280.0,0.0
846,70,40.75818645575007,30.09447410403986,280.0,0.0
847,70,41.61084701554,29.24181354424993,280.0,0.0
848,70,42.463507575329935,28.389152984459997,280.0,0.0
849,70,43.31616813511987,27.536492424670065,280.0,0.0
850,70,44.1688286949098,26.683831864880133,280.0,0.0
851,70,45.02148925469973,25.8311713050902,280.0,0.0
852,70,45.87414981448966,24.97851074530027,280.0,0.0
853,70,46.726810374279594,24.125850185510338,280.0,0.0
854,70,47.579470934069526,23.273189625720406,280.0,0.0
855,70,48.43213149385946,22.420529065930474,280.0,0.0
856,70,49.28479205364939,21.56786850614054,280.0,0.0
857,70,50.13745261343932,20.71520794635061,280.0,0.0
858,70,50.990113173229254,19.862547386560678,280.0,0.0
859,70,51.842773733019186,19.009886826770746,280.0,0.0
860,70,52.69543429280912,18.157226266980814,280.0,0.0
861,70,53.54809485259905,17.304565707190882,280.0,0.0
862,70,54.40075541238898,16.45190514740095,280.0,0.0
863,70,55.253415972178914,15.599244587611018,280.0,0.0
864,70,56.106076531968846,14.746584027821086,280.0,0.0
865,70,56.95873709175878,13.893923468031154,280.0,0.0
866,70,57.81139765154871,13.041262908241222,280.0,0.0
867,70,58.66405821133864,12.18860234845129,280.0,0.0
868,70,59.51671877112857,11.335941788661358,280.0,0.0
869,70,60.369379330918505,10.483281228871427,280.0,0.0
870,70,61.22203989070844,9.630620669081495,280.0,0.0
871,70,62.07470045049837,8.777960109291563,280.0,0.0
872,70,62.9273610102883,7.925299549501631,280.0,0.0
873,70,63.78002157007823,7.072638989711699,280.0,0.0
874,70,64.63268212986816,6.219978429921767,280.0,0.0
875,70,65.48534268965808,5.367317870131842,280.0,0.0
876,70,66.33800324944801,4.514657310341917,280.0,0.0
877,70,67.19066380923793,3.6619967505519924,280.0,0.0
878,70,68.04332436902786,2.8093361907620675,280.0,0.0
879,70,68.89598492881778,1.9566756309721427,280.0,0.0
880,70,69.7486454886077,1.1040150711822179,280.0,0.0
881,70,70.60130604839763,0.25135451139229303,280.0,0.0
882,70,71.27085591110477,-0.6013060483976318,219.86939516023682,0.0
883,70,71.55340266217802,-1.2708559111047748,92.78380404975934,0.0
884,70,71.55340266217802,-1.5534026621780157,0.0,0.0
885,70,71.55340266217802,-1.5534026621780157,0.0,0.0
886,70,71.55340266217802,-1.5534026621780157,0.0,0.0
887,70,71.55340266217802,-1.5534026621780157,0.0,0.0
888,70,71.55340266217802,-1.5534026621780157,0.0,0.0
889,70,71.55340266217802,-1.5534026621780157,0.0,0.0
890,70,71.55340266217802,-1.5534026621780157,0.0,0.0
891,70,71.55340266217802,-1.5534026621780157,0.0,0.0
892,68,71.55340266217802,-1.5534026621780157,0.0,0.0
893,65,71.55340266217802,-3.5534026621780157,0.0,0.0
894,63,71.55340266217802,-6.553402662178016,0.0,0.0
895,60,71.55340266217802,-8.553402662178016,0.0,0.0
896,58,65.46297009224995,-11.553402662178016,0.0,500.0
897,55,65.46297009224995,-7.462970092249947,0.0,0.0
898,53,59.372537522321885,-10.462970092249947,0.0,500.0
899,50,59.372537522321885,-6.372537522321885,0.0,0.0
900,50,59.372537522321885,-9.372537522321885,0.0,0.0
901,50,59.372537522321885,-9.372537522321885,0.0,0.0
902,50,59.372537522321885,-9.372537522321885,0.0,0.0
903,50,59.372537522321885,-9.372537522321885,0.0,0.0
904,50,59.372537522321885,-9.372537522321885,0.0,0.0
905,50,59.372537522321885,-9.372537522321885,0.0,0.0
906,50,59.372537522321885,-9.372537522321885,0.0,0.0
907,50,59.372537522321885,-9.372537522321885,0.0,0.0
908,50,59.372537522321885,-9.372537522321885,0.0,0.0
909,50,59.372537522321885,-9.372537522321885,0.0,0.0
910,50,59.372537522321885,-9.372537522321885,0.0,0.0
911,50,59.372537522321885,-9.372537522321885,0.0,0.0
912,50,59.372537522321885,-9.372537522321885,0.0,0.0
913,50,59.372537522321885,-9.372537522321885,0.0,0.0
914,50,59.372537522321885,-9.372537522321885,0.0,0.0
915,50,59.372537522321885,-9.372537522321885,0.0,0.0
916,50,59.372537522321885,-9.372537522321885,0.0,0.0
917,50,59.372537522321885,-9.372537522321885,0.0,0.0
918,50,59.372537522321885,-9.372537522321885,0.0,0.0
919,50,59.372537522321885,-9.372537522321885,0.0,0.0
920,50,59.372537522321885,-9.372537522321885,0.0,0.0
921,50,59.372537522321885,-9.372537522321885,0.0,0.0
922,50,59.372537522321885,-9.372537522321885,0.0,0.0
923,50,59.372537522321885,-9.372537522321885,0.0,0.0
924,50,59.372537522321885,-9.372537522321885,0.0,0.0
925,50,59.372537522321885,-9.372537522321885,0.0,0.0
926,50,59.372537522321885,-9.372537522321885,0.0,0.0
927,50,59.372537522321885,-9.372537522321885,0.0,0.0
928,50,59.372537522321885,-9.372537522321885,0.0,0.0
929,50,59.372537522321885,-9.372537522321885,0.0,0.0
930,50,59.372537522321885,-9.372537522321885,0.0,0.0
931,50,59.372537522321885,-9.372537522321885,0.0,0.0
932,50,59.372537522321885,-9.372537522321885,0.0,0.0
933,50,59.372537522321885,-9.372537522321885,0.0,0.0
934,50,59.372537522321885,-9.372537522321885,0.0,0.0
935,50,59.372537522321885,-9.372537522321885,0.0,0.0
936,50,59.372537522321885,-9.372537522321885,0.0,0.0
937,50,59.372537522321885,-9.372537522321885,0.0,0.0
938,50,59.372537522321885,-9.372537522321885,0.0,0.0
939,50,59.372537522321885,-9.372537522321885,0.0,0.0
940,50,59.372537522321885,-9.372537522321885,0.0,0.0
941,50,59.372537522321885,-9.372537522321885,0.0,0.0
942,50,59.372537522321885,-9.372537522321885,0.0,0.0
943,50,59.372537522321885,-9.372537522321885,0.0,0.0
944,50,59.372537522321885,-9.372537522321885,0.0,0.0
945,50,59.372537522321885,-9.372537522321885,0.0,0.0
946,50,59.372537522321885,-9.372537522321885,0.0,0.0
947,50,59.372537522321885,-9.372537522321885,0.0,0.0
948,50,59.372537522321885,-9.372537522321885,0.0,0.0
949,50,59.372537522321885,-9.372537522321885,0.0,0.0
950,50,59.372537522321885,-9.372537522321885,0.0,0.0
951,50,59.372537522321885,-9.372537522321885,0.0,0.0
952,50,59.372537522321885,-9.372537522321885,0.0,0.0
953,50,59.372537522321885,-9.372537522321885,0.0,0.0
954,50,59.372537522321885,-9.372537522321885,0.0,0.0
955,50,59.372537522321885,-9.372537522321885,0.0,0.0
956,50,59.372537522321885,-9.372537522321885,0.0,0.0
957,50,59.372537522321885,-9.372537522321885,0.0,0.0
958,50,59.372537522321885,-9.372537522321885,0.0,0.0
959,50,59.372537522321885,-9.372537522321885,0.0,0.0
960,50,59.372537522321885,-9.372537522321885,0.0,0.0
961,50,59.372537522321885,-9.372537522321885,0.0,0.0
962,50,59.372537522321885,-9.372537522321885,0.0,0.0
963,50,59.372537522321885,-9.372537522321885,0.0,0.0
964,50,59.372537522321885,-9.372537522321885,0.0,0.0
965,50,59.372537522321885,-9.372537522321885,0.0,0.0
966,50,59.372537522321885,-9.372537522321885,0.0,0.0
967,50,59.372537522321885,-9.372537522321885,0.0,0.0
968,50,59.372537522321885,-9.372537522321885,0.0,0.0
969,52,59.372537522321885,-9.372537522321885,0.0,0.0
970,53,59.372537522321885,-7.372537522321885,0.0,0.0
971,55,59.372537522321885,-6.372537522321885,0.0,0.0
972,56,59.372537522321885,-4.372537522321885,0.0,0.0
973,58,59.372537522321885,-3.3725375223218848,0.0,0.0
974,59,59.372537522321885,-1.3725375223218848,0.0,0.0
975,61,59.372537522321885,-0.37253752232188475,0.0,0.0
976,62,59.868135046341216,1.6274624776781152,162.74624776781152,0.0
977,64,60.72079560613115,2.131864953658784,280.0,0.0
978,65,61.57345616592108,3.279204393868852,280.0,0.0
979,67,62.42611672571101,3.4265438340789203,280.0,0.0
980,68,63.278777285500944,4.573883274288988,280.0,0.0
981,70,64.13143784529088,4.721222714499056,280.0,0.0
982,70,64.9840984050808,5.8685621547091245,280.0,0.0
983,70,65.83675896487073,5.0159015949192,280.0,0.0
984,70,66.68941952466065,4.163241035129275,280.0,0.0
985,70,67.54208008445057,3.31058047533935,280.0,0.0
986,70,68.3947406442405,2.457919915549425,280.0,0.0
987,70,69.24740120403042,1.6052593557595003,280.0,0.0
988,70,70.10006176382035,0.7525987959695755,280.0,0.0
989,70,70.92225135234148,-0.10006176382034937,269.99382361796506,0.0
990,70,71.46359545716457,-0.9222513523414761,177.76868838381745,0.0
991,70,71.55924308991197,-1.4635954571645726,31.409142667360186,0.0
992,70,71.55924308991197,-1.5592430899119734,0.0,0.0
993,70,71.55924308991197,-1.5592430899119734,0.0,0.0
994,70,71.55924308991197,-1.5592430899119734,0.0,0.0
995,70,71.55924308991197,-1.5592430899119734,0.0,0.0
996,70,71.55924308991197,-1.5592430899119734,0.0,0.0
997,70,71.55924308991197,-1.5592430899119734,0.0,0.0
998,70,71.55924308991197,-1.5592430899119734,0.0,0.0
999,70,71.55924308991197,-1.5592430899119734,0.0,0.0
1000,70,71.55924308991197,-1.5592430899119734,0.0,0.0
1001,70,71.55924308991197,-1.5592430899119734,0.0,0.0
1002,70,71.55924308991197,-1.5592430899119734,0.0,0.0
1003,70,71.55924308991197,-1.5592430899119734,0.0,0.0
1004,70,71.55924308991197,-1.5592430899119734,0.0,0.0
1005,70,71.55924308991197,-1.5592430899119734,0.0,0.0
1006,70,71.55924308991197,-1.5592430899119734,0.0,0.0
1007,70,71.55924308991197,-1.5592430899119734,0.0,0.0
1008,70,71.55924308991197,-1.5592430899119734,0.0,0.0
1009,70,71.55924308991197,-1.5592430899119734,0.0,0.0
1010,70,71.55924308991197,-1.5592430899119734,0.0,0.0
1011,70,71.55924308991197,-1.5592430899119734,0.0,0.0
1012,70,71.55924308991197,-1.5592430899119734,0.0,0.0
1013,70,71.55924308991197,-1.5592430899119734,0.0,0.0
1014,70,71.55924308991197,-1.5592430899119734,0.0,0.0
1015,70,71.55924308991197,-1.5592430899119734,0.0,0.0
1016,70,71.55924308991197,-1.5592430899119734,0.0,0.0
1017,70,71.55924308991197,-1.5592430899119734,0.0,0.0
1018,70,71.55924308991197,-1.5592430899119734,0.0,0.0
1019,70,71.55924308991197,-1.5592430899119734,0.0,0.0
1020,70,71.55924308991197,-1.5592430899119734,0.0,0.0
1021,70,71.55924308991197,-1.5592430899119734,0.0,0.0
1022,70,71.55924308991197,-1.5592430899119734,0.0,0.0
1023,70,71.55924308991197,-1.5592430899119734,0.0,0.0
1024,70,71.55924308991197,-1.5592430899119734,0.0,0.0
1025,70,71.55924308991197,-1.5592430899119734,0.0,0.0
1026,70,71.55924308991197,-1.5592430899119734,0.0,0.0
1027,70,71.55924308991197,-1.5592430899119734,0.0,0.0
1028,70,71.55924308991197,-1.5592430899119734,0.0,0.0
1029,70,71.55924308991197,-1.5592430899119734,0.0,0.0
1030,70,71.55924308991197,-1.5592430899119734,0.0,0.0
1031,70,71.55924308991197,-1.5592430899119734,0.0,0.0
1032,71,71.55924308991197,-1.5592430899119734,0.0,0.0
1033,72,71.55924308991197,-0.5592430899119734,0.0,0.0
1034,73,71.69346310194302,0.44075691008802664,44.075691008802664,0.0
1035,73,72.22555185786102,1.3065368980569758,174.72938081450025,0.0
1036,74,72.99347682320919,0.7744481421389793,252.17419502839817,0.0
1037,75,73.84613738299912,1.0065231767908074,280.0,0.0
1038,76,74.69879794278904,1.1538626170008826,280.0,0.0
1039,77,75.55145850257897,1.3012020572109577,280.0,0.0
1040,78,76.40411906236889,1.4485414974210329,280.0,0.0
1041,79,77.25677962215882,1.595880937631108,280.0,0.0
1042,79,78.10944018194874,1.7432203778411832,280.0,0.0
1043,80,78.96210074173867,0.8905598180512584,280.0,0.0
1044,81,79.81476130152859,1.0378992582613336,280.0,0.0
1045,82,80.66742186131852,1.1852386984714087,280.0,0.0
1046,83,81.52008242110844,1.332578138681484,280.0,0.0
1047,84,82.37274298089837,1.479917578891559,280.0,0.0
1048,85,83.22540354068829,1.6272570191016342,280.0,0.0
1049,85,84.07806410047822,1.7745964593117094,280.0,0.0
1050,86,84.93072466026814,0.9219358995217846,280.0,0.0
1051,87,85.78338522005807,1.0692753397318597,280.0,0.0
1052,88,86.63604577984799,1.216614779941935,280.0,0.0
1053,89,87.48870633963791,1.36395422015201,280.0,0.0
1054,90,88.34136689942784,1.5112936603620852,280.0,0.0
1055,91,89.19402745921776,1.6586331005721604,280.0,0.0
1056,91,90.04668801900769,1.8059725407822356,280.0,0.0
1057,92,90.89934857879761,0.9533119809923107,280.0,0.0
1058,93,91.75200913858754,1.100651421202386,280.0,0.0
1059,94,92.60466969837746,1.247990861412461,280.0,0.0
1060,95,93.45733025816739,1.3953303016225362,280.0,0.0
1061,96,94.30999081795731,1.5426697418326114,280.0,0.0
1062,97,95.16265137774724,1.6900091820426866,280.0,0.0
1063,97,96.01531193753716,1.8373486222527617,280.0,0.0
1064,98,96.86797249732709,0.9846880624628369,280.0,0.0
1065,99,97.72063305711701,1.132027502672912,280.0,0.0
1066,100,98.57329361690694,1.2793669428829872,280.0,0.0
1067,100,99.42595417669686,1.4267063830930624,280.0,0.0
1068,100,100.27861473648679,0.5740458233031376,280.0,0.0
1069,100,101.04643108299867,-0.27861473648678725,252.13852635132127,0.0
1070,100,101.49558653200653,-1.0464310829986658,147.4954180514547,0.0
1071,100,101.49558653200653,-1.4955865320065271,0.0,0.0
1072,100,101.49558653200653,-1.4955865320065271,0.0,0.0
1073,100,101.49558653200653,-1.4955865320065271,0.0,0.0
1074,100,101.49558653200653,-1.4955865320065271,0.0,0.0
1075,100,101.49558653200653,-1.4955865320065271,0.0,0.0
1076,100,101.49558653200653,-1.4955865320065271,0.0,0.0
1077,100,101.49558653200653,-1.4955865320065271,0.0,0.0
1078,100,101.49558653200653,-1.4955865320065271,0.0,0.0
1079,100,101.49558653200653,-1.4955865320065271,0.0,0.0
1080,100,101.49558653200653,-1.4955865320065271,0.0,0.0
1081,100,101.49558653200653,-1.4955865320065271,0.0,0.0
1082,100,101.49558653200653,-1.4955865320065271,0.0,0.0
1083,100,101.49558653200653,-1.4955865320065271,0.0,0.0
1084,100,101.49558653200653,-1.4955865320065271,0.0,0.0
1085,100,101.49558653200653,-1.4955865320065271,0.0,0.0
1086,100,101.49558653200653,-1.4955865320065271,0.0,0.0
1087,100,101.49558653200653,-1.4955865320065271,0.0,0.0
1088,100,101.49558653200653,-1.4955865320065271,0.0,0.0
1089,100,101.49558653200653,-1.4955865320065271,0.0,0.0
1090,100,101.49558653200653,-1.4955865320065271,0.0,0.0
1091,100,101.49558653200653,-1.4955865320065271,0.0,0.0
1092,100,101.49558653200653,-1.4955865320065271,0.0,0.0
1093,100,101.49558653200653,-1.4955865320065271,0.0,0.0
1094,100,101.49558653200653,-1.4955865320065271,0.0,0.0
1095,100,101.49558653200653,-1.4955865320065271,0.0,0.0
1096,100,101.49558653200653,-1.4955865320065271,0.0,0.0
1097,101,101.49558653200653,-1.4955865320065271,0.0,0.0
1098,102,101.49558653200653,-0.49558653200652714,0.0,0.0
1099,103,101.64919134271541,0.5044134679934729,50.441346799347286,0.0
1100,104,102.21414660552765,1.3508086572845883,185.52221252780612,0.0
1101,105,103.06680716531757,1.7858533944723547,280.0,0.0
1102,106,103.9194677251075,1.9331928346824299,280.0,0.0
1103,107,104.77212828489742,2.080532274892505,280.0,0.0
1104,108,105.62478884468734,2.22787171510258,280.0,0.0
1105,109,106.47744940447727,2.3752111553126554,280.0,0.0
1106,110,107.3301099642672,2.5225505955227305,280.0,0.0
1107,111,108.18277052405712,2.6698900357328057,280.0,0.0
1108,112,109.03543108384704,2.817229475942881,280.0,0.0
1109,113,109.88809164363697,2.964568916152956,280.0,0.0
1110,114,110.7407522034269,3.111908356363031,280.0,0.0
1111,115,111.59341276321682,3.2592477965731064,280.0,0.0
1112,116,112.44607332300674,3.4065872367831815,280.0,0.0
1113,117,113.29873388279667,3.5539266769932567,280.0,0.0
1114,118,114.1513944425866,3.701266117203332,280.0,0.0
1115,119,115.00405500237652,3.848605557413407,280.0,0.0
1116,120,115.85671556216644,3.995944997623482,280.0,0.0
1117,120,116.70937612195637,4.143284437833557,280.0,0.0
1118,120,117.56203668174629,3.2906238780436325,280.0,0.0
1119,120,118.41469724153622,2.4379633182537077,280.0,0.0
1120,120,119.26735780132614,1.5853027584637829,280.0,0.0
1121,120,120.12001836111607,0.732642198673858,280.0,0.0
1122,120,120.93613073412946,-0.12001836111606679,267.9981638883933,0.0
1123,120,121.46717105150022,-0.9361307341294633,174.385090475447,0.0
1124,120,121.55142605098534,-1.467171051500216,27.667985325425377,0.0
1125,120,121.55142605098534,-1.5514260509853415,0.0,0.0
1126,120,121.55142605098534,-1.5514260509853415,0.0,0.0
1127,118,121.55142605098534,-1.5514260509853415,0.0,0.0
1128,115,121.55142605098534,-3.5514260509853415,0.0,0.0
1129,113,121.55142605098534,-6.5514260509853415,0.0,0.0
1130,110,121.55142605098534,-8.551426050985341,0.0,0.0
1131,108,115.46099348105727,-11.551426050985341,0.0,500.0
1132,105,115.46099348105727,-7.4609934810572724,0.0,0.0
1133,103,109.3705609111292,-10.460993481057272,0.0,500.0
1134,100,109.3705609111292,-6.370560911129203,0.0,0.0
1135,98,109.3705609111292,-9.370560911129203,0.0,0.0
1136,95,103.28012834120113,-11.370560911129203,0.0,500.0
1137,93,103.28012834120113,-8.280128341201134,0.0,0.0
1138,90,97.18969577127307,-10.280128341201134,0.0,500.0
1139,87,97.18969577127307,-7.189695771273065,0.0,0.0
1140,85,91.099263201345,-10.189695771273065,0.0,500.0
1141,82,91.099263201345,-6.099263201344996,0.0,0.0
1142,80,91.099263201345,-9.099263201344996,0.0,0.0
1143,76,85.00883063141693,-11.099263201344996,0.0,500.0
1144,73,85.00883063141693,-9.008830631416927,0.0,0.0
1145,69,78.91839806148886,-12.008830631416927,0.0,500.0
1146,65,78.91839806148886,-9.918398061488858,0.0,0.0
1147,61,72.82796549156079,-13.918398061488858,0.0,500.0
1148,58,66.73753292163272,-11.82796549156079,0.0,500.0
1149,54,66.73753292163272,-8.73753292163272,0.0,0.0
1150,50,60.64710035170466,-12.73753292163272,0.0,500.0
1151,45,54.556667781776596,-10.647100351704658,0.0,500.0
1152,40,54.556667781776596,-9.556667781776596,0.0,0.0
1153,35,48.466235211848534,-14.556667781776596,0.0,500.0
1154,30,42.37580264192047,-13.466235211848534,0.0,500.0
1155,25,36.28537007199241,-12.375802641920473,0.0,500.0
1156,20,30.19493750206435,-11.28537007199241,0.0,500.0
1157,15,24.104504932136287,-10.194937502064349,0.0,500.0
1158,10,24.104504932136287,-9.104504932136287,0.0,0.0
1159,5,18.014072362208225,-14.104504932136287,0.0,500.0
1160,0,11.923639792280163,-13.014072362208225,0.0,500.0
1161,0,5.8332072223521,-11.923639792280163,0.0,500.0
1162,0,5.8332072223521,-5.8332072223521,0.0,0.0
1163,0,5.8332072223521,-5.8332072223521,0.0,0.0
1164,0,5.8332072223521,-5.8332072223521,0.0,0.0
1165,0,5.8332072223521,-5.8332072223521,0.0,0.0
1166,0,5.8332072223521,-5.8332072223521,0.0,0.0
1167,0,5.8332072223521,-5.8332072223521,0.0,0.0
1168,0,5.8332072223521,-5.8332072223521,0.0,0.0
1169,0,5.8332072223521,-5.8332072223521,0.0,0.0
1170,0,5.8332072223521,-5.8332072223521,0.0,0.0
1171,0,5.8332072223521,-5.8332072223521,0.0,0.0
1172,0,5.8332072223521,-5.8332072223521,0.0,0.0
1173,0,5.8332072223521,-5.8332072223521,0.0,0.0
1174,0,5.8332072223521,-5.8332072223521,0.0,0.0
1175,0,5.8332072223521,-5.8332072223521,0.0,0.0
1176,0,5.8332072223521,-5.8332072223521,0.0,0.0
1177,0,5.8332072223521,-5.8332072223521,0.0,0.0
1178,0,5.8332072223521,-5.8332072223521,0.0,0.0
1179,0,5.8332072223521,-5.8332072223521,0.0,0.0
1180,0,5.8332072223521,-5.8332072223521,0.0,0.0
1181,0,5.8332072223521,-5.8332072223521,0.0,0.0
1182,0,5.8332072223521,-5.8332072223521,0.0,0.0
1183,0,5.8332072223521,-5.8332072223521,0.0,0.0
