0.10025501251220703,0.0,0.0,0.0,0.0,0.0,-0.0,0.0,0.0,0.0,-0.0,0.0,0.0,0.0,-0.0
0.25064945220947266,0.0,0.0,0.0,0.0,0.0,-0.0,0.0,0.0,0.0,-0.0,0.0,0.0,0.0,-0.0
0.30080080032348633,0.0,0.0,0.0,0.0,0.0,-0.0,0.0,0.0,0.0,-0.0,0.0,0.0,0.0,-0.0
0.3509044647216797,0.0,0.0,0.0,0.0,0.0,-0.0,0.0,0.0,0.0,-0.0,0.0,0.0,0.0,-0.0
0.3509044647216797,0.0,0.0,0.0,0.0,0.0,-0.0,0.0,0.0,0.0,-0.0,0.0,0.0,0.0,-0.0
0.4010438919067383,0.0,0.0,0.0,0.0,0.0,-0.0,0.0,0.0,0.0,-0.0,0.0,0.0,0.0,-0.0
0.45119524002075195,0.0,0.0,0.0,0.0,0.0,-0.0,0.0,0.0,0.0,-0.0,0.0,0.0,0.0,-0.0
0.5012989044189453,0.0,0.0,0.0,0.0,0.0,-0.0,0.0,0.0,0.0,-0.0,0.0,0.0,0.0,-0.0
0.551450252532959,0.0,0.0,0.0,0.0,0.0,-0.0,0.0,0.0,0.0,-0.0,0.0,0.0,0.0,-0.0
0.551450252532959,0.0,0.0,0.0,0.0,0.0,-0.0,0.0,0.0,0.0,-0.0,0.0,0.0,0.0,-0.0
0.6016016006469727,0.0,0.0,0.0,0.0,0.0,-0.0,0.0,0.0,0.0,-0.0,0.0,0.0,0.0,-0.0
0.651705265045166,0.0,0.0,0.0,0.0,0.0,-0.0,0.0,0.0,0.0,-0.0,0.0,0.0,0.0,-0.0
0.7018446922302246,0.0,0.0,0.0,0.0,0.0,-0.0,0.0,0.0,0.0,-0.0,0.0,0.0,0.0,-0.0
0.7519960403442383,0.0,0.0,0.0,0.0,0.0,-0.0,0.0,0.0,0.0,-0.0,0.0,0.0,0.0,-0.0
0.7519960403442383,0.0,0.0,0.0,0.0,0.0,-0.0,0.0,0.0,0.0,-0.0,0.0,0.0,0.0,-0.0
0.8020997047424316,0.0,0.0,0.0,0.0,0.0,-0.0,0.0,0.0,0.0,-0.0,0.0,0.0,0.0,-0.0
0.8522510528564453,0.0,0.0,0.0,0.0,0.0,-0.0,0.0,0.0,0.0,-0.0,0.0,0.0,0.0,-0.0
0.9023547172546387,0.0,0.0,0.0,0.0,0.0,-0.0,0.0,0.0,0.0,-0.0,0.0,0.0,0.0,-0.0
0.9525537490844727,0.0,0.0,0.0,0.0,0.0,-0.0,0.0,0.0,0.0,-0.0,0.0,0.0,0.0,-0.0
1.002645492553711,0.0,0.0,0.0,0.0,0.0,-0.0,0.0,0.0,0.0,-0.0,0.0,0.0,0.0,-0.0
1.0527968406677246,0.0,0.0,0.0,0.0,0.0,-0.0,0.0,0.0,0.0,-0.0,0.0,0.0,0.0,-0.0
1.1029481887817383,0.0,0.0,0.0,0.0,0.0,-0.0,0.0,0.0,0.0,-0.0,0.0,0.0,0.0,-0.0
1.1029481887817383,0.0,0.0,0.0,0.0,0.0,-0.0,0.0,0.0,0.0,-0.0,0.0,0.0,0.0,-0.0
1.153099536895752,0.0,0.0,0.0,0.0,0.0,-0.0,0.0,0.0,0.0,-0.0,0.0,0.0,0.0,-0.0
1.2032032012939453,0.0,0.0,0.0,0.0,0.0,-0.0,0.0,0.0,0.0,-0.0,0.0,0.0,0.0,-0.0
1.253354549407959,0.0,0.0,0.0,0.0,0.0,-0.0,0.0,0.0,0.0,-0.0,0.0,0.0,0.0,-0.0
1.3034939765930176,0.0,0.0,0.0,0.0,0.0,-0.0,0.0,0.0,0.0,-0.0,0.0,0.0,0.0,-0.0
1.3034939765930176,0.0,0.0,0.0,0.0,0.0,-0.0,0.0,0.0,0.0,-0.0,0.0,0.0,0.0,-0.0
1.353597640991211,0.0,0.0,0.0,0.0,0.0,-0.0,0.0,0.0,0.0,-0.0,0.0,0.0,0.0,-0.0
1.4037489891052246,0.0,0.0,0.0,0.0,0.0,-0.0,0.0,0.0,0.0,-0.0,0.0,0.0,0.0,-0.0
1.4539003372192383,0.0,0.0,0.0,0.0,0.0,-0.0,0.0,0.0,0.0,-0.0,0.0,0.0,0.0,-0.0
1.504051685333252,0.0,0.0,0.0,0.0,0.0,-0.0,0.0,0.0,0.0,-0.0,0.0,0.0,0.0,-0.0
1.504051685333252,0.0,0.0,0.0,0.0,0.0,-0.0,0.0,0.0,0.0,-0.0,0.0,0.0,0.0,-0.0
1.5541553497314453,0.0,0.0,0.0,0.0,0.0,-0.0,0.0,0.0,0.0,-0.0,0.0,0.0,0.0,-0.0
1.604294776916504,0.0,0.0,0.0,0.0,0.0,-0.0,0.0,0.0,0.0,-0.0,0.0,0.0,0.0,-0.0
1.6543984413146973,0.0,0.0,0.0,0.0,0.0,-0.0,0.0,0.0,0.0,-0.0,0.0,0.0,0.0,-0.0
1.704549789428711,0.0,0.0,0.0,0.0,0.0,-0.0,0.0,0.0,0.0,-0.0,0.0,0.0,0.0,-0.0
1.7546534538269043,0.0,0.0,0.0,0.0,0.0,-0.0,0.0,0.0,0.0,-0.0,0.0,0.0,0.0,-0.0
1.804804801940918,0.0,0.0,0.0,0.0,0.0,-0.0,0.0,0.0,0.0,-0.0,0.0,0.0,0.0,-0.0
1.804804801940918,0.0,0.0,0.0,0.0,0.0,-0.0,0.0,0.0,0.0,-0.0,0.0,0.0,0.0,-0.0
1.8548965454101562,0.0,0.0,0.0,0.0,0.0,-0.0,0.0,0.0,0.0,-0.0,0.0,0.0,0.0,-0.0
1.90504789352417,0.0,0.0,0.0,0.0,0.0,-0.0,0.0,0.0,0.0,-0.0,0.0,0.0,0.0,-0.0
1.955246925354004,0.0,0.0,0.0,0.0,0.0,-0.0,0.0,0.0,0.0,-0.0,0.0,0.0,0.0,-0.0
2.0053505897521973,0.0,0.0,0.0,0.0,0.0,-0.0,0.0,0.0,0.0,-0.0,0.0,0.0,0.0,-0.0
2.0554542541503906,0.0,0.0,0.0,0.0,0.0,-0.0,0.0,0.0,0.0,-0.0,0.0,0.0,0.0,-0.0
2.0554542541503906,0.0,0.0,0.0,0.0,0.0,-0.0,0.0,0.0,0.0,-0.0,0.0,0.0,0.0,-0.0
2.105545997619629,0.0,0.0,0.0,0.0,0.0,-0.0,0.0,0.0,0.0,-0.0,0.0,0.0,0.0,-0.0
2.25600004196167,0.0,0.0,0.0,0.0,0.0,-0.0,0.0,0.0,0.0,-0.0,0.0,0.0,0.0,-0.0
2.356255054473877,0.0,0.0,0.0,0.0,0.0,-0.0,0.0,0.0,0.0,-0.0,0.0,0.0,0.0,-0.0
2.456545829772949,0.0,0.0,0.0,0.0,0.0,-0.0,0.0,0.0,0.0,-0.0,0.0,0.0,0.0,-0.0
2.5568485260009766,0.0,0.0,0.0,0.0,0.0,-0.0,0.0,0.0,0.0,-0.0,0.0,0.0,0.0,-0.0
2.6571035385131836,0.0,0.0,0.0,0.0,0.0,-0.0,0.0,0.0,0.0,-0.0,0.0,0.0,0.0,-0.0
2.7572989463806152,0.0,0.0,0.0,0.0,0.0,-0.0,0.0,0.0,0.0,-0.0,0.0,0.0,0.0,-0.0
2.907705307006836,0.0,0.0,0.0,0.0,0.0,-0.0,0.0,0.0,0.0,-0.0,0.0,0.0,0.0,-0.0
3.007996082305908,0.0,0.0,0.0,0.0,0.0,-0.0,0.0,0.0,0.0,-0.0,0.0,0.0,0.0,-0.0
3.1082510948181152,0.0,0.0,0.0,0.0,0.0,-0.0,0.0,0.0,0.0,-0.0,0.0,0.0,0.0,-0.0
3.208494186401367,0.0,0.0,0.0,0.0,0.0,-0.0,0.0,0.0,0.0,-0.0,0.0,0.0,0.0,-0.0
3.308749198913574,0.0,0.0,0.0,0.0,0.0,-0.0,0.0,0.0,0.0,-0.0,0.0,0.0,0.0,-0.0
3.4090518951416016,0.0,0.0,0.0,0.0,0.0,-0.0,0.0,0.0,0.0,-0.0,0.0,0.0,0.0,-0.0
3.559446334838867,0.0,0.0,0.0,0.0,0.0,-0.0,0.0,0.0,0.0,-0.0,0.0,0.0,0.0,-0.0
3.659701347351074,0.0,0.0,0.0,0.0,0.0,-0.0,0.0,0.0,0.0,-0.0,0.0,0.0,0.0,-0.0
3.760051727294922,0.0,0.0,0.0,0.0,0.0,-0.0,0.0,0.0,0.0,-0.0,0.0,0.0,0.0,-0.0
3.910398483276367,0.0,0.0,0.0,0.0,0.0,-0.0,0.0,0.0,0.0,-0.0,0.0,0.0,0.0,-0.0
4.010653495788574,0.0,0.0,0.0,0.0,0.0,-0.0,0.0,0.0,0.0,-0.0,0.0,0.0,0.0,-0.0
4.1109442710876465,0.0,0.0,0.0,0.0,0.0,-0.0,0.0,0.0,0.0,-0.0,0.0,0.0,0.0,-0.0
4.211151599884033,0.0,0.0,0.0,0.0,0.0,-0.0,0.0,0.0,0.0,-0.0,0.0,0.0,0.0,-0.0
4.361593723297119,0.0,0.0,0.0,0.0,0.0,-0.0,0.0,0.0,0.0,-0.0,0.0,0.0,0.0,-0.0
4.51204776763916,0.0,0.0,0.0,0.0,0.0,-0.0,0.0,0.0,0.0,-0.0,0.0,0.0,0.0,-0.0
4.612255096435547,0.0,0.0,0.0,0.0,0.0,-0.0,0.0,0.0,0.0,-0.0,0.0,0.0,0.0,-0.0
4.712498188018799,0.0,0.0,0.0,0.0,0.0,-0.0,0.0,0.0,0.0,-0.0,0.0,0.0,0.0,-0.0
4.812800884246826,0.0,0.0,0.0,0.0,0.0,-0.0,0.0,0.0,0.0,-0.0,0.0,0.0,0.0,-0.0
4.913043975830078,0.0,0.0,0.0,0.0,0.0,-0.0,0.0,0.0,0.0,-0.0,0.0,0.0,0.0,-0.0
5.063450336456299,0.0,0.0,0.0,0.0,0.0,-0.0,0.0,0.0,0.0,-0.0,0.0,0.0,0.0,-0.0
5.21390438079834,0.0,0.0,0.0,0.0,0.0,-0.0,0.0,0.0,0.0,-0.0,0.0,0.0,0.0,-0.0
5.3140997886657715,0.0,0.0,0.0,0.0,0.0,-0.0,0.0,0.0,0.0,-0.0,0.0,0.0,0.0,-0.0
5.4645538330078125,0.0,0.0,0.0,0.0,0.0,-0.0,0.0,0.0,0.0,-0.0,0.0,0.0,0.0,-0.0
5.5647969245910645,0.0,0.0,0.0,0.0,0.0,-0.0,0.0,0.0,0.0,-0.0,0.0,0.0,0.0,-0.0
5.6650519371032715,0.0,0.0,0.0,0.0,0.0,-0.0,0.0,0.0,0.0,-0.0,0.0,0.0,0.0,-0.0
5.765354633331299,0.0,0.0,0.0,0.0,0.0,-0.0,0.0,0.0,0.0,-0.0,0.0,0.0,0.0,-0.0
5.915701389312744,0.0,0.0,0.0,0.0,0.0,-0.0,0.0,0.0,0.0,-0.0,0.0,0.0,0.0,-0.0
6.0160040855407715,0.0,0.0,0.0,0.0,0.0,-0.0,0.0,0.0,0.0,-0.0,0.0,0.0,0.0,-0.0
6.116247177124023,0.0,0.0,0.0,0.0,0.0,-0.0,0.0,0.0,0.0,-0.0,0.0,0.0,0.0,-0.0
6.266653537750244,0.0,0.0,0.0,0.0,0.0,-0.0,0.0,0.0,0.0,-0.0,0.0,0.0,0.0,-0.0
6.41709566116333,0.0,0.0,0.0,0.0,0.0,-0.0,0.0,0.0,0.0,-0.0,0.0,0.0,0.0,-0.0
6.5674543380737305,0.0,0.0,0.0,0.0,0.0,-0.0,0.0,0.0,0.0,-0.0,0.0,0.0,0.0,-0.0
6.717848777770996,0.0,0.0,0.0,0.0,0.0,-0.0,0.0,0.0,0.0,-0.0,0.0,0.0,0.0,-0.0
6.918394565582275,0.0,0.0,0.0,0.0,0.0,-0.0,0.0,0.0,0.0,-0.0,0.0,0.0,0.0,-0.0
7.068848609924316,0.0,0.0,0.0,0.0,0.0,-0.0,0.0,0.0,0.0,-0.0,0.0,0.0,0.0,-0.0
7.219195365905762,0.0,0.0,0.0,0.0,0.0,-0.0,0.0,0.0,0.0,-0.0,0.0,0.0,0.0,-0.0
7.369554042816162,0.0,0.0,0.0,0.0,0.0,-0.0,0.0,0.0,0.0,-0.0,0.0,0.0,0.0,-0.0
7.520043849945068,0.0,0.0,0.0,0.0,0.0,-0.0,0.0,0.0,0.0,-0.0,0.0,0.0,0.0,-0.0
7.720553874969482,0.0,0.0,0.0,0.0,0.0,-0.0,0.0,0.0,0.0,-0.0,0.0,0.0,0.0,-0.0
7.820749282836914,0.0,0.0,0.0,0.0,0.0,-0.0,0.0,0.0,0.0,-0.0,0.0,0.0,0.0,-0.0
7.921099662780762,0.0,0.0,0.0,0.0,0.0,-0.0,0.0,0.0,0.0,-0.0,0.0,0.0,0.0,-0.0
8.021354675292969,0.0,0.0,0.0,0.0,0.0,-0.0,0.0,0.0,0.0,-0.0,0.0,0.0,0.0,-0.0
8.121645450592041,0.0,0.0,0.0,0.0,0.0,-0.0,0.0,0.0,0.0,-0.0,0.0,0.0,0.0,-0.0
8.221900463104248,0.0,0.0,0.0,0.0,0.0,-0.0,0.0,0.0,0.0,-0.0,0.0,0.0,0.0,-0.0
8.372354507446289,0.0,0.0,0.0,0.0,0.0,-0.0,0.0,0.0,0.0,-0.0,0.0,0.0,0.0,-0.0
8.472597599029541,0.0,0.0,0.0,0.0,0.0,-0.0,0.0,0.0,0.0,-0.0,0.0,0.0,0.0,-0.0
8.572852611541748,0.0,0.0,0.0,0.0,0.0,-0.0,0.0,0.0,0.0,-0.0,0.0,0.0,0.0,-0.0
8.723247051239014,0.0,0.0,0.0,0.0,0.0,-0.0,0.0,0.0,0.0,-0.0,0.0,0.0,0.0,-0.0
8.82350206375122,0.0,0.0,0.0,0.0,0.0,-0.0,0.0,0.0,0.0,-0.0,0.0,0.0,0.0,-0.0
8.923745155334473,0.0,0.0,0.0,0.0,0.0,-0.0,0.0,0.0,0.0,-0.0,0.0,0.0,0.0,-0.0
9.02400016784668,0.0,0.0,0.0,0.0,0.0,-0.0,0.0,0.0,0.0,-0.0,0.0,0.0,0.0,-0.0
9.174394607543945,0.0,0.0,0.0,0.0,0.0,-0.0,0.0,0.0,0.0,-0.0,0.0,0.0,0.0,-0.0
9.274649620056152,0.0,0.0,0.0,0.0,0.0,-0.0,0.0,0.0,0.0,-0.0,0.0,0.0,0.0,-0.0
9.425044059753418,0.0,0.0,0.0,0.0,0.0,-0.0,0.0,0.0,0.0,-0.0,0.0,0.0,0.0,-0.0
9.525346755981445,0.0,0.0,0.0,0.0,0.0,-0.0,0.0,0.0,0.0,-0.0,0.0,0.0,0.0,-0.0
9.625601768493652,0.0,0.0,0.0,0.0,0.0,-0.0,0.0,0.0,0.0,-0.0,0.0,0.0,0.0,-0.0
9.725797176361084,0.0,0.0,0.0,0.0,0.0,-0.0,0.0,0.0,0.0,-0.0,0.0,0.0,0.0,-0.0
9.876251220703125,0.0,0.0,0.0,0.0,0.0,-0.0,0.0,0.0,0.0,-0.0,0.0,0.0,0.0,-0.0
9.976494312286377,0.0,0.0,0.0,0.0,0.0,-0.0,0.0,0.0,0.0,-0.0,0.0,0.0,0.0,-0.0
10.076749324798584,0.0,0.0,0.0,0.0,0.0,-0.0,0.0,0.0,0.0,-0.0,0.0,0.0,0.0,-0.0
10.227251052856445,0.0,0.0,0.0,0.0,0.0,-0.0,0.0,0.0,0.0,-0.0,0.0,0.0,0.0,-0.0
10.327494144439697,0.0,0.0,0.0,0.0,0.0,-0.0,0.0,0.0,0.0,-0.0,0.0,0.0,0.0,-0.0
10.427701473236084,0.0,0.0,0.0,0.0,0.0,-0.0,0.0,0.0,0.0,-0.0,0.0,0.0,0.0,-0.0
10.528004169464111,0.0,0.0,0.0,0.0,0.0,-0.0,0.0,0.0,0.0,-0.0,0.0,0.0,0.0,-0.0
10.678398609161377,0.0,0.0,0.0,0.0,0.0,-0.0,0.0,0.0,0.0,-0.0,0.0,0.0,0.0,-0.0
10.778653621673584,0.0,0.0,0.0,0.0,0.0,-0.0,0.0,0.0,0.0,-0.0,0.0,0.0,0.0,-0.0
10.878896713256836,0.0,0.0,0.0,0.0,0.0,-0.0,0.0,0.0,0.0,-0.0,0.0,0.0,0.0,-0.0
11.029350757598877,0.0,0.0,0.0,0.0,0.0,-0.0,0.0,0.0,0.0,-0.0,0.0,0.0,0.0,-0.0
11.179745197296143,0.0,0.0,0.0,0.0,0.0,-0.0,0.0,0.0,0.0,-0.0,0.0,0.0,0.0,-0.0
11.27995252609253,0.0,0.0,0.0,0.0,0.0,-0.0,0.0,0.0,0.0,-0.0,0.0,0.0,0.0,-0.0
11.380255222320557,0.0,0.0,0.0,0.0,0.0,-0.0,0.0,0.0,0.0,-0.0,0.0,0.0,0.0,-0.0
11.530649662017822,0.0,0.0,0.0,0.0,0.0,-0.0,0.0,0.0,0.0,-0.0,0.0,0.0,0.0,-0.0
11.681044101715088,0.0,0.0,0.0,0.0,0.0,-0.0,0.0,0.0,0.0,-0.0,0.0,0.0,0.0,-0.0
11.781346797943115,0.0,0.0,0.0,0.0,0.0,-0.0,0.0,0.0,0.0,-0.0,0.0,0.0,0.0,-0.0
11.931753158569336,0.0,0.0,0.0,0.0,0.0,-0.0,0.0,0.0,0.0,-0.0,0.0,0.0,0.0,-0.0
12.032043933868408,0.0,0.0,0.0,0.0,0.0,-0.0,0.0,0.0,0.0,-0.0,0.0,0.0,0.0,-0.0
12.132251262664795,0.0,0.0,0.0,0.0,0.0,-0.0,0.0,0.0,0.0,-0.0,0.0,0.0,0.0,-0.0
12.232494354248047,0.0,0.0,0.0,0.0,0.0,-0.0,0.0,0.0,0.0,-0.0,0.0,0.0,0.0,-0.0
12.332749366760254,0.0,0.0,0.0,0.0,0.0,-0.0,0.0,0.0,0.0,-0.0,0.0,0.0,0.0,-0.0
12.433052062988281,0.0,0.0,0.0,0.0,0.0,-0.0,0.0,0.0,0.0,-0.0,0.0,0.0,0.0,-0.0
12.583446502685547,0.0,0.0,0.0,0.0,0.0,-0.0,0.0,0.0,0.0,-0.0,0.0,0.0,0.0,-0.0
12.683701515197754,0.0,0.0,0.0,0.0,0.0,-0.0,0.0,0.0,0.0,-0.0,0.0,0.0,0.0,-0.0
12.83409595489502,0.0,0.0,0.0,0.0,0.0,-0.0,0.0,0.0,0.0,-0.0,0.0,0.0,0.0,-0.0
12.934398651123047,0.0,0.0,0.0,0.0,0.0,-0.0,0.0,0.0,0.0,-0.0,0.0,0.0,0.0,-0.0
13.034653663635254,0.0,0.0,0.0,0.0,0.0,-0.0,0.0,0.0,0.0,-0.0,0.0,0.0,0.0,-0.0
13.134896755218506,0.0,0.0,0.0,0.0,0.0,-0.0,0.0,0.0,0.0,-0.0,0.0,0.0,0.0,-0.0
13.285350799560547,0.0,0.0,0.0,0.0,0.0,-0.0,0.0,0.0,0.0,-0.0,0.0,0.0,0.0,-0.0
13.385593891143799,0.0,0.0,0.0,0.0,0.0,-0.0,0.0,0.0,0.0,-0.0,0.0,0.0,0.0,-0.0
13.485896587371826,0.0,0.0,0.0,0.0,0.0,-0.0,0.0,0.0,0.0,-0.0,0.0,0.0,0.0,-0.0
13.636255264282227,0.0,0.0,0.0,0.0,0.0,-0.0,0.0,0.0,0.0,-0.0,0.0,0.0,0.0,-0.0
13.786697387695312,0.0,0.0,0.0,0.0,0.0,-0.0,0.0,0.0,0.0,-0.0,0.0,0.0,0.0,-0.0
13.8869047164917,0.0,0.0,0.0,0.0,0.0,-0.0,0.0,0.0,0.0,-0.0,0.0,0.0,0.0,-0.0
14.037299156188965,0.0,0.0,0.0,0.0,0.0,-0.0,0.0,0.0,0.0,-0.0,0.0,0.0,0.0,-0.0
14.137554168701172,0.0,0.0,0.0,0.0,0.0,-0.0,0.0,0.0,0.0,-0.0,0.0,0.0,0.0,-0.0
14.237844944000244,0.0,0.0,0.0,0.0,0.0,-0.0,0.0,0.0,0.0,-0.0,0.0,0.0,0.0,-0.0
14.388251304626465,0.0,0.0,0.0,0.0,0.0,-0.0,0.0,0.0,0.0,-0.0,0.0,0.0,0.0,-0.0
14.488494396209717,0.0,0.0,0.0,0.0,0.0,-0.0,0.0,0.0,0.0,-0.0,0.0,0.0,0.0,-0.0
14.588844776153564,0.0,0.0,0.0,0.0,0.0,-0.0,0.0,0.0,0.0,-0.0,0.0,0.0,0.0,-0.0
14.739203453063965,0.0,0.0,0.0,0.0,0.0,-0.0,0.0,0.0,0.0,-0.0,0.0,0.0,0.0,-0.0
14.839446544647217,0.0,0.0,0.0,0.0,0.0,-0.0,0.0,0.0,0.0,-0.0,0.0,0.0,0.0,-0.0
14.939701557159424,0.0,0.0,0.0,0.0,0.0,-0.0,0.0,0.0,0.0,-0.0,0.0,0.0,0.0,-0.0
15.039944648742676,0.0,0.0,0.0,0.0,0.0,-0.0,0.0,0.0,0.0,-0.0,0.0,0.0,0.0,-0.0
15.140247344970703,0.0,0.0,0.0,0.0,0.0,-0.0,0.0,0.0,0.0,-0.0,0.0,0.0,0.0,-0.0
15.24055004119873,0.0,0.0,0.0,0.0,0.0,-0.0,0.0,0.0,0.0,-0.0,0.0,0.0,0.0,-0.0
15.340745449066162,0.0,0.0,0.0,0.0,0.0,-0.0,0.0,0.0,0.0,-0.0,0.0,0.0,0.0,-0.0
15.44100046157837,0.0,0.0,0.0,0.0,0.0,-0.0,0.0,0.0,0.0,-0.0,0.0,0.0,0.0,-0.0
15.541350841522217,0.0,0.0,0.0,0.0,0.0,-0.0,0.0,0.0,0.0,-0.0,0.0,0.0,0.0,-0.0
15.641593933105469,0.0,0.0,0.0,0.0,0.0,-0.0,0.0,0.0,0.0,-0.0,0.0,0.0,0.0,-0.0
15.741896629333496,0.0,0.0,0.0,0.0,0.0,-0.0,0.0,0.0,0.0,-0.0,0.0,0.0,0.0,-0.0
15.842103958129883,0.0,0.0,0.0,0.0,0.0,-0.0,0.0,0.0,0.0,-0.0,0.0,0.0,0.0,-0.0
15.942394733428955,0.0,0.0,0.0,0.0,0.0,-0.0,0.0,0.0,0.0,-0.0,0.0,0.0,0.0,-0.0
16.042649745941162,0.0,0.0,0.0,0.0,0.0,-0.0,0.0,0.0,0.0,-0.0,0.0,0.0,0.0,-0.0
16.193044185638428,0.0,0.0,0.0,0.0,0.0,-0.0,0.0,0.0,0.0,-0.0,0.0,0.0,0.0,-0.0
16.293346881866455,0.0,0.0,0.0,0.0,0.0,-0.0,0.0,0.0,0.0,-0.0,0.0,0.0,0.0,-0.0
16.393601894378662,0.0,0.0,0.0,0.0,0.0,-0.0,0.0,0.0,0.0,-0.0,0.0,0.0,0.0,-0.0
16.493844985961914,0.0,0.0,0.0,0.0,0.0,-0.0,0.0,0.0,0.0,-0.0,0.0,0.0,0.0,-0.0
16.59409999847412,0.0,0.0,0.0,0.0,0.0,-0.0,0.0,0.0,0.0,-0.0,0.0,0.0,0.0,-0.0
16.69440269470215,0.0,0.0,0.0,0.0,0.0,-0.0,0.0,0.0,0.0,-0.0,0.0,0.0,0.0,-0.0
16.79459810256958,0.0,0.0,0.0,0.0,0.0,-0.0,0.0,0.0,0.0,-0.0,0.0,0.0,0.0,-0.0
16.894948482513428,0.0,0.0,0.0,0.0,0.0,-0.0,0.0,0.0,0.0,-0.0,0.0,0.0,0.0,-0.0
16.995203495025635,0.0,0.0,0.0,0.0,0.0,-0.0,0.0,0.0,0.0,-0.0,0.0,0.0,0.0,-0.0
17.095446586608887,0.0,0.0,0.0,0.0,0.0,-0.0,0.0,0.0,0.0,-0.0,0.0,0.0,0.0,-0.0
17.245805263519287,0.0,0.0,0.0,0.0,0.0,-0.0,0.0,0.0,0.0,-0.0,0.0,0.0,0.0,-0.0
17.34614372253418,0.0,0.0,0.0,0.0,0.0,-0.0,0.0,0.0,0.0,-0.0,0.0,0.0,0.0,-0.0
17.446398735046387,0.0,0.0,0.0,0.0,0.0,-0.0,0.0,0.0,0.0,-0.0,0.0,0.0,0.0,-0.0
17.546653747558594,0.0,0.0,0.0,0.0,0.0,-0.0,0.0,0.0,0.0,-0.0,0.0,0.0,0.0,-0.0
17.646944522857666,0.0,0.0,0.0,0.0,0.0,-0.0,0.0,0.0,0.0,-0.0,0.0,0.0,0.0,-0.0
17.797350883483887,0.0,0.0,0.0,0.0,0.0,-0.0,0.0,0.0,0.0,-0.0,0.0,0.0,0.0,-0.0
17.89759397506714,0.0,0.0,0.0,0.0,0.0,-0.0,0.0,0.0,0.0,-0.0,0.0,0.0,0.0,-0.0
17.997848987579346,0.0,0.0,0.0,0.0,0.0,-0.0,0.0,0.0,0.0,-0.0,0.0,0.0,0.0,-0.0
18.098104000091553,0.0,0.0,0.0,0.0,0.0,-0.0,0.0,0.0,0.0,-0.0,0.0,0.0,0.0,-0.0
18.198347091674805,0.0,0.0,0.0,0.0,0.0,-0.0,0.0,0.0,0.0,-0.0,0.0,0.0,0.0,-0.0
18.298649787902832,0.0,0.0,0.0,0.0,0.0,-0.0,0.0,0.0,0.0,-0.0,0.0,0.0,0.0,-0.0
18.39890480041504,0.0,0.0,0.0,0.0,0.0,-0.0,0.0,0.0,0.0,-0.0,0.0,0.0,0.0,-0.0
18.49919557571411,0.0,0.0,0.0,0.0,0.0,-0.0,0.0,0.0,0.0,-0.0,0.0,0.0,0.0,-0.0
18.59949827194214,0.0,0.0,0.0,0.0,0.0,-0.0,0.0,0.0,0.0,-0.0,0.0,0.0,0.0,-0.0
18.74995231628418,0.0,0.0,0.0,0.0,0.0,-0.0,0.0,0.0,0.0,-0.0,0.0,0.0,0.0,-0.0
18.85010004043579,0.25,0.0,0.0,0.0,0.0,-0.0,0.0,0.0,0.0,-0.0,0.0,0.0,0.0,-0.0
19.000554084777832,0.5,0.22833524673974992,84.23506610820809,117.34780548427763,5.885150643257569,-38.997890019327116,113.62313993026888,126.35259916231213,1.2673506371399097,-13.996809869183174,0.0,0.0,0.0,-0.0
19.100797176361084,0.75,0.47409293837312755,127.93073720844362,118.80055477081976,9.854795607268377,-0.7246131696445249,183.54844666331894,191.89610581266544,2.549767897769805,-10.897427047116322,0.0,0.0,0.0,-0.0
19.20105218887329,1.0,0.7443713659738536,132.7775716621268,119.08502652911154,13.834419215499238,-0.14187408248398353,201.8386606370828,199.16635749319022,3.8809296086025036,-1.2086264647099407,0.0,0.0,0.0,-0.0
19.351446628570557,1.25,1.170174078419834,137.91347207679482,117.72523854190186,19.736159645077993,0.45207388981496227,211.9715412461289,206.8702081151922,5.955071544571908,-0.8537384136352139,0.0,0.0,0.0,-0.0
19.501852989196777,1.5,1.5937303670332368,134.90289118937076,105.93663139691941,25.04734070688202,3.9189190855693465,210.8388414597495,202.35433678405616,7.98409683474674,0.5004078409465905,0.0,0.0,0.0,-0.0
19.702351093292236,1.75,2.1405058720978496,128.55049975183843,94.29866019876016,31.349574903079798,2.902264649998464,204.1793358581585,192.82574962775766,10.561509982823479,0.7920762475773713,0.0,0.0,0.0,-0.0
19.902896881103516,2.0,2.644082917772834,115.68269576987402,74.39811491829131,36.32298442573407,4.961596425848633,188.0096193855949,173.524043654811,12.881477718753672,1.6040980120302344,0.0,0.0,0.0,-0.0
20.10345458984375,2.25,3.0976710546242847,101.79335782779455,57.39428072906503,40.15993957167243,4.239137527057096,169.3443980489212,152.6900367416918,14.9230219798454,1.7313393273839655,0.0,0.0,0.0,-0.0
20.404303073883057,2.5,3.7180707287276262,90.55793837124587,43.742497253550596,44.54656090061384,2.2688802170814317,154.41799573134207,135.8369075568688,17.647443827516827,0.9336443469564522,0.0,0.0,0.0,-0.0
20.604753494262695,2.75,4.060360791164121,70.91016883836936,18.90501787748261,45.80973382755583,6.195417133330921,127.88454692318656,106.36525325755403,19.06884114280106,2.4504525228314624,0.0,0.0,0.0,-0.0
20.805299282073975,3.0,4.362694748538408,60.91917220032606,12.716425708951395,46.659809031537584,1.542937459837077,112.91478353379377,91.3787583004891,20.290549480973596,1.2454757523310813,0.0,0.0,0.0,-0.0
21.055996417999268,3.2499999999999996,4.7244533638004045,57.33624300543794,9.20712568027705,47.429209044254144,0.6999082809067484,108.08961376210313,86.00436450815691,21.727952671591588,0.3572965823546364,0.0,0.0,0.0,-0.0
21.256494522094727,3.5,4.992663212866746,51.125613237953104,1.713052397444348,47.543696963555405,1.8688638769533465,100.21583144273824,76.68841985692966,22.753011524084318,0.7744000617242622,0.0,0.0,0.0,-0.0
21.45705223083496,3.75,5.251315909559984,48.372982038272205,0.4919747825101961,47.57658674193481,0.3044205138271976,96.62576411476552,72.55947305740831,23.72316896833716,0.3431220890200426,0.0,0.0,0.0,-0.0
21.707749366760254,4.0,5.485389061531977,29.069950551482304,-21.043204750237997,45.81809635474342,4.2950589469768845,69.98180551227894,43.604925827223454,24.45194430281181,1.9249353822436719,0.0,0.0,0.0,-0.0
21.908247470855713,4.1875,5.638133958720344,20.815605863013435,-24.166208852180592,44.20300333539771,0.7788113797963157,57.12193181669017,31.223408794520154,24.869293253925065,1.0292297682449532,0.0,0.0,0.0,-0.0
22.158896923065186,4.375,5.823850979781029,20.078063030367698,-21.83567454113724,42.37863671461092,-0.46489914310598207,55.56320652966045,30.117094545551545,25.37254880392396,0.07356318018494588,0.0,0.0,0.0,-0.0
22.309303283691406,4.5625,5.93426615231975,19.534028715060405,-21.716115303563942,41.28988942469478,-0.03974540607043109,55.05782350487506,29.30104307259061,25.66635302066399,0.09042741162045814,0.0,0.0,0.0,-0.0
22.5600004196167,4.75,6.132970868021558,22.329070022618758,-16.54712368144091,39.90711725311517,-1.0309235490554978,59.44101455620056,33.493605033928134,26.226136410918578,-0.27872688864615386,0.0,0.0,0.0,-0.0
22.771453857421875,4.9375,6.299652844115235,21.56703941838757,-17.298465852116564,38.68784389538667,0.17766137511746333,59.122832375313514,32.350559127581356,26.682178873748356,0.0900943739838001,0.0,0.0,0.0,-0.0
22.971999645233154,5.125,6.457917556156653,21.374246707924154,-15.902494755015816,37.62478444911687,-0.3480429861769034,59.19623395296927,32.06137006188623,27.11083038823968,0.024033502843355634,0.0,0.0,0.0,-0.0
23.122453689575195,5.3125,6.579833940441352,22.331978951694452,-13.942096535221292,36.925569512339806,-0.6514940254240591,60.78565214207007,33.49796842754168,27.446824043384055,-0.15914032885566665,0.0,0.0,0.0,-0.0
23.322951793670654,5.5,6.756301646333812,25.646656808997303,-9.544328889555697,36.28769622993333,-1.0967105313803311,66.01771447690503,38.46998521349595,27.96103465004314,-0.4133053866340679,0.0,0.0,0.0,-0.0
23.573648929595947,5.687500000000001,6.98501578822632,26.59984463238121,-8.80454860214057,35.5519378573761,-0.14754462285432302,68.43259836427079,39.899766948571816,28.627885136582712,-0.09505372088374735,0.0,0.0,0.0,-0.0
23.724055290222168,5.874999999999999,7.117039213791038,24.322489481064117,-11.568199519856615,34.971960927782895,0.9187280731378353,65.85597878783086,36.48373422159618,28.99371084900435,0.37853371723031964,0.0,0.0,0.0,-0.0
24.0248441696167,6.0625,7.3905779867218975,25.718532733254747,-7.848168510847731,34.185080323890446,-0.6183790797879676,68.22906299229602,38.57779909988212,29.767295713055077,-0.11603182064117326,0.0,0.0,0.0,-0.0
24.17525053024292,6.25,7.5177350937586604,21.802721755179853,-13.61757490513138,33.502357029878524,1.9179396304327088,63.45017705383248,32.70408263276978,30.09522251614935,0.6508719049133488,0.0,0.0,0.0,-0.0
24.44709539413452,6.4375,7.750022002777091,22.319593863282773,-9.57122858181223,32.635060586179144,-0.7442381410841433,64.13382626805193,33.47939079492416,30.70196921173734,-0.047533738609553344,0.0,0.0,0.0,-0.0
24.647605419158936,6.625,7.91386942797671,19.96906799546755,-12.574454574804705,31.794625852358326,0.7488967179139305,61.34903940974502,29.953601993201325,31.10236904408588,0.29306837245781375,0.0,0.0,0.0,-0.0
24.898254871368408,6.8125,8.117462708124826,19.57174907043875,-10.988410148017591,30.876546190940452,-0.3163869724841102,60.99018641215438,29.357623605658123,31.59293386241455,0.0396289440817085,0.0,0.0,0.0,-0.0
25.098800659179688,7.0,8.340451334466813,35.402631763903834,8.887405912217572,31.470656797695217,-4.955430946008951,83.43339153193453,53.103947645855754,32.302918730183016,-1.9734748441042438,0.0,0.0,0.0,-0.0
25.399601459503174,7.25,8.73090452976111,42.940983030664796,10.69867758186529,32.543380390704556,-0.3010749419050491,97.37953794435342,64.4114745459972,33.59458693641314,-0.626523538056921,0.0,0.0,0.0,-0.0
25.600147247314453,7.5,8.970175511274148,36.25758684002969,1.280463729842518,32.62897759319291,2.3481455169942653,89.54124873393735,54.38638026004453,34.321717568110095,0.8331509057827259,0.0,0.0,0.0,-0.0
25.850844383239746,7.750000000000001,9.261835051404777,34.652520246853385,1.9999076009538985,32.79610129575103,-0.1434886498515429,87.32928702034712,51.97878037028008,35.19044632595803,0.1600603241090286,0.0,0.0,0.0,-0.0
26.076197624206543,8.0,9.516953530957595,32.562685807590675,-0.7936098915110268,32.736487108712595,0.6198085903891031,85.00012556280869,48.84402871138602,35.924257004090435,0.23183984733224025,0.0,0.0,0.0,-0.0
26.37690305709839,8.25,9.85439676291453,31.542772128631544,-1.1368340874764016,32.62253637991233,0.05706983619561369,84.27171691148172,47.31415819294732,36.87276529884534,0.0847934196890585,0.0,0.0,0.0,-0.0
26.62760019302368,8.5,10.112555481955036,26.206579408406824,-7.000417730104269,32.03754148817307,1.1694556503380236,77.37176124069886,39.30986911261024,37.529756738853976,0.532135389234651,0.0,0.0,0.0,-0.0
26.94939374923706,8.75,10.429940508094392,23.76546018763045,-7.5475078872276224,31.227961686979906,0.08500638787816216,74.1323536949217,35.64819028144567,38.29451393373648,0.1896494797395576,0.0,0.0,0.0,-0.0
27.20005512237549,9.0,10.65598718858991,19.055053133833333,-12.066070710059051,30.21979573612365,0.9013281077687332,67.82452807150464,28.58257970075,38.77215051211172,0.46979785864292245,0.0,0.0,0.0,-0.0
27.50084400177002,9.25,10.924048819880197,18.44419992272804,-10.459859579821496,29.17105925557743,-0.2669997530278972,67.04400234594364,27.66629988409206,39.32693153472033,0.0507709271312575,0.0,0.0,0.0,-0.0
27.70479917526245,9.5,11.101168529166204,17.0035204132507,-11.670998320039416,28.377605759846258,0.29691297344385914,65.35560041571928,25.505280619876054,39.673727130307,0.17659266553623346,0.0,0.0,0.0,-0.0
28.005552291870117,9.75,11.381655228688818,20.101093348947202,-6.783945646701017,27.697508161132145,-0.8124691654839249,70.17242910960236,30.151640023420804,40.278273777498754,-0.2574846913172059,0.0,0.0,0.0,-0.0
28.25620174407959,10.0,11.610451655911591,18.53945355642986,-8.82825838123602,26.959908785391978,0.40780315227390385,68.70790384620723,27.809180334644786,40.74296416531697,0.15575934624547383,0.0,0.0,0.0,-0.0
28.557050228118896,10.25,11.886829351896147,18.574434273144522,-7.406433961903103,26.21717064220005,-0.2363024071524244,69.16051777595708,27.861651409716785,41.3017732046133,-0.0029068383730074996,0.0,0.0,0.0,-0.0
28.757548332214355,10.5,12.065605241959052,16.86984890851236,-9.175213811913396,25.603966317547016,0.44109640287874274,67.15732766546367,25.30477336276854,41.64001047686666,0.2125438258284719,0.0,0.0,0.0,-0.0
29.058349132537842,10.75,12.352974514427038,19.969772223801126,-4.3992178126624815,25.16287023793161,-0.7938802014680025,71.93772194157694,29.954658335701687,42.24070282358637,-0.2576392177111111,0.0,0.0,0.0,-0.0
29.25889492034912,11.0,12.54048601424323,18.42098244145487,-6.905047593612856,24.70127750141979,0.6247525336479391,70.43467337087093,27.63147366218231,42.6101278671843,0.19307184150431034,0.0,0.0,0.0,-0.0
29.6097993850708,11.25,12.888834027725125,21.071843462998046,-2.7148256709988328,24.38372935178828,-0.5970602177914014,74.76845428798097,31.60776519449707,43.349548262292544,-0.1888591688086463,0.0,0.0,0.0,-0.0
29.860496520996094,11.5,13.1139605261312,15.611418532747159,-9.309639131478509,23.605762729535048,1.3152949346906202,67.70257391667899,23.41712779912074,43.74092205368162,0.5445240638766291,0.0,0.0,0.0,-0.0
30.111145973205566,11.749999999999998,13.33552402766475,14.99285506788886,-7.641724373331149,22.967298053497974,-0.33271861227796556,66.66769581838216,22.48928260183329,44.11671714466385,0.061696071885023886,0.0,0.0,0.0,-0.0
30.51224946975708,12.0,13.702663265171283,16.227948338381744,-5.73488969293412,22.20053661744027,-0.23769858612440875,69.03256737542544,24.341922507572615,44.76762582670208,-0.07698095884924935,0.0,0.0,0.0,-0.0
30.71279525756836,12.25,13.862683110768135,9.660689137009975,-13.589765382930796,21.292079882476834,1.9583746374639375,60.27107387424937,14.491033705514962,44.961366878080234,0.8186732906541764,0.0,0.0,0.0,-0.0
31.06369972229004,12.5,14.156368855038185,11.992459297608463,-7.5560661507325655,20.408260766468693,-0.8597353181276657,63.204750863633386,17.988688946412694,45.382187629132616,-0.16612571191192554,0.0,0.0,0.0,-0.0
31.314396858215332,12.75,14.356400503574044,9.630831976024261,-10.485452562754682,19.532036457680988,0.5842480810979559,60.30538380581401,14.446247964036392,45.623629828429316,0.23550601334830962,0.0,0.0,0.0,-0.0
31.66530132293701,12.999999999999998,14.646771093370948,11.085280341151808,-7.134780341048952,18.69749436552014,-0.47743368331937874,62.53691638449826,16.627920511727712,46.012617264869476,-0.10362139209892532,0.0,0.0,0.0,-0.0
32.066404819488525,13.25,14.956091615755678,7.877214043104546,-9.841866123204746,17.3816253939837,0.3374547723255914,58.344348665423496,11.81582106465682,46.32857507444687,0.199952526319803,0.0,0.0,0.0,-0.0
32.317054271698,13.5,15.126975876548924,3.2008358582690315,-13.819656478650577,16.226995618618083,0.7934967183015254,51.67648376985335,4.801253787403548,46.40880384989563,0.4664261325541791,0.0,0.0,0.0,-0.0
32.76824951171875,13.75,15.456287236760767,5.844048529705061,-8.514480264261914,14.946431296456215,-0.5879025024892395,55.292101184499224,8.76607279455759,46.67248453780095,-0.14645614785932026,0.0,0.0,0.0,-0.0
33.2194447517395,14.0,15.732043391959353,-0.37741384115397114,-13.832774019023564,12.866004031900827,0.5893561459687655,46.434056231452615,-0.5661207617309567,46.65545580493628,0.3447211882472922,0.0,0.0,0.0,-0.0
33.620500564575195,14.250000000000002,15.94199816440237,-4.55867870015817,-15.5598758991764,10.785877806445257,0.21531939257297403,39.89525037872908,-6.838018050237255,46.47262734578141,0.2606410831849233,0.0,0.0,0.0,-0.0
33.971405029296875,14.5,16.127627795342715,-3.977269855255264,-12.874607571215613,9.279958713685557,-0.38262099772520874,40.325736227252925,-5.965904782882896,46.33306317082021,-0.041422160684393916,0.0,0.0,0.0,-0.0
34.372496604919434,14.75,16.362966759593927,-0.9605263613082671,-8.558195258436996,8.135752040121554,-0.5380831429928254,44.66571438883456,-1.4407895419624006,46.2945372676518,-0.18803333685483958,0.0,0.0,0.0,-0.0
34.82375144958496,15.0,16.358393724630623,-87.82817747730168,-91.39494753506537,-5.611718910928428,9.17848896869212,-47.85619120876823,-95,42.331248209174184,4.812560582057586,0.0,0.0,0.0,-0.0
35.27489900588989,15.0,14.133117161209652,-110.43209073279351,-91.08829861086724,-19.309806686350644,-0.03398543557563366,-95.0,-95,0.0,-0.0,92.13197717865006,99.38888165951417,4.982116787174428,-12.239021268038547
35.5757474899292,15.0,13.712331943774355,19.849683514897833,58.129599282301704,-13.480406079053035,-24.799509688350838,-95.0,-95,0.0,-0.0,26.037332084570938,0,4.384942067762725,21.652390016808212
35.97674369812012,15.0,13.521969280812892,80.88850265564813,86.34572605159123,-1.9389698323264177,-3.518253563616688,-95.0,-95,0.0,-0.0,8.75224107967209,0,1.1413437826471344,7.610897297024957
36.353397369384766,15.0,13.505981816761603,107.92063969040761,99.11066361997464,10.504495272319943,-1.6945192018869744,-95.0,-95,0.0,-0.0,0.6649338484305942,0,-2.9235267318150018,3.588460580245596
36.65419816970825,15.0,13.503905039802703,120.55402641850614,100.18271723236181,20.549509113011926,-0.17819992686759034,-95.0,-95,0.0,-0.0,0,0,-6.549801494705537,2.0999589619629284
37.03265190124512,15.0,14.465241670349068,133.50883013220354,100.32197735728019,33.20525134168513,-0.018398566761762526,190.69479617101453,200.2632451983053,5.052691495665391,-14.621140522956157,0.0,0,0.0,-0.0
37.43375539779663,15.0,15.182083761956186,81.89403753319189,35.85869511369984,37.999600672311686,8.035741747180374,134.39559580536448,122.84105629978784,8.337489975793806,3.2170495297828183,0.0,0,0.0,-0.0
37.784695625305176,15.0,15.459604701298224,31.210038772673975,-12.209788502788577,36.57129868731174,6.848528588150813,59.858420221189796,46.81505815901096,9.432775786537077,3.6105862756417566,0.0,0,0.0,-0.0
38.18575143814087,15.0,15.548213332119287,3.952076388654657,-30.819201764344896,32.451225349129544,2.3200528038700092,17.21852841082714,5.928114582981985,9.59127610738114,1.699137720464016,0.0,0,0.0,-0.0
38.58685493469238,15.0,15.544543248346363,-8.48401341649288,-36.76093226366967,27.536245859979125,0.7406729871976678,-2.6999234972226636,-12.726020124739321,9.250979362766612,0.7751172647500452,0.0,0,0.0,-0.0
38.837504386901855,15.0,15.542250896701423,-12.078485794018404,-36.51483153412896,24.48543835279559,-0.049092612685035945,-12.726020124739321,-12.726020124739321,0.0,-0.0,0,10.870637214616563,0.3027465847790611,-26.457770213214147
39.238548278808594,15.0,15.207078014437288,-16.755643088967638,-36.36111585702504,19.62463721367121,-0.019164445613806067,-12.726020124739321,-12.726020124739321,0.0,-0.0,15.471677327669594,15.080078780070874,0.9747214163590435,-0.583122868760322
39.58945274353027,15.0,15.139135716465498,0.9121568990694229,-13.885800319004238,18.000440770947108,-3.2024835528734474,-12.726020124739321,-12.726020124739321,0.0,-0.0,3.4601792531492226,0,0.9427134235180292,2.517465829631193
39.89025354385376,15.0,15.108545707109068,6.977793889412624,-9.32986913811944,17.06496340306053,-0.757300375528468,-12.726020124739321,-12.726020124739321,0.0,-0.0,1.7410689717917802,0,0.7328208248752642,1.008248146916516
40.221548080444336,15.0,15.093269739261434,8.672964989861057,-7.278628870850445,16.261173410132805,-0.3095795494213023,-12.726020124739321,-12.726020124739321,0.0,-0.0,0.7013307184686545,0,0.4454902331570331,0.25584048531162135
40.422093868255615,15.0,15.087008565903796,9.333408992907959,-6.254285268811444,15.843083221322718,-0.2553889596033165,-12.726020124739321,-12.726020124739321,0.0,-0.0,0.4229742963685248,0,0.25831264721227254,0.16466164915625223
40.7228946685791,15.0,15.08441711008367,9.353856949866053,-5.8344367240826145,15.258082142642454,-0.06978846869378619,-12.726020124739321,-12.726020124739321,0.0,-0.0,0,0,-0.02305211845083881,0.0033989199723045782
40.98244905471802,15.0,15.082181768043023,9.074192567957569,-5.660664350653466,14.768332055751685,-0.03347513714064995,-12.726020124739321,-12.726020124739321,0.0,-0.0,0,0,-0.2585767666190929,-0.05387394643348558
41.23330116271973,15.0,15.080022012267852,8.766887599754881,-5.510771503238221,14.307535839650667,-0.02987673665756554,-12.726020124739321,-12.726020124739321,0.0,-0.0,0,0,-0.47849599012034844,-0.06125221961471308
41.58425331115723,15.0,15.077001292731657,8.293225390330413,-5.365947160039175,13.67980561157805,-0.020633061208462332,-12.726020124739321,-12.726020124739321,0.0,-0.0,0,0,-0.7695485169416367,-0.06748244903661291
41.8349027633667,15.0,15.074844763983736,8.044608744253537,-5.163390126578493,13.248405309321152,-0.040406438489121656,-12.726020124739321,-12.726020124739321,0.0,-0.0,0,0,-0.9711861944403051,-0.049594492205213746
42.135703563690186,15.0,15.072257485167682,7.702368074396403,-5.018782174560021,12.745187411068851,-0.024037162112427544,-12.726020124739321,-12.726020124739321,0.0,-0.0,0,0,-1.202874042556756,-0.05688825785853679
42.336249351501465,15.0,15.070533122141551,7.532741661068267,-4.845289893851623,12.421286584756682,-0.04325502983679236,-12.726020124739321,-12.726020124739321,0.0,-0.0,0,0,-1.353940003636534,-0.04229119324305126
42.650604248046875,15.0,15.067830806909912,7.177636574891615,-4.72966119843754,11.925689199180125,-0.01839142585096963,-12.726020124739321,-12.726020124739321,0.0,-0.0,0,0,-1.5795725239305947,-0.05648155795870605
42.851245403289795,15.0,15.066106637094837,7.027874950435705,-4.548455048632061,11.621486774004117,-0.04515677493635091,-12.726020124739321,-12.726020124739321,0.0,-0.0,0,0,-1.7205806188264146,-0.03732076409612743
43.10195446014404,15.0,15.06395271175694,6.795138726515597,-4.432839309156966,11.25103578654239,-0.023057750869827722,-12.726020124739321,-12.726020124739321,0.0,-0.0,0,0,-1.8909409009582647,-0.046415599587894346
43.3024525642395,15.0,15.062230657995714,6.640005463151647,-4.288405931111772,10.964430033615846,-0.036018639352427106,-12.726020124739321,-12.726020124739321,0.0,-0.0,0,0,-2.024071751612804,-0.03868696516204691
43.60330104827881,15.0,15.059647297802044,6.353833155081079,-4.172932085508396,10.545956602974451,-0.019191362384975243,-12.726020124739321,-12.726020124739321,0.0,-0.0,0,0,-2.215225858867287,-0.04756086921700737
43.80379915237427,15.0,15.057926228257232,6.235743315414183,-3.9997025715069245,10.278645675463496,-0.0431997885423883,-12.726020124739321,-12.726020124739321,0.0,-0.0,0,0,-2.3402513301039347,-0.02944911628956668
43.95414590835571,15.0,15.056635951303974,6.16130669029493,-3.8842947234100755,10.083981971816646,-0.03838055811164019,-12.726020124739321,-12.726020124739321,0.0,-0.0,0,0,-2.4328845774531964,-0.024754982118948804
44.20485496520996,15.0,15.054484733067394,5.951573938567152,-3.7977740554490325,9.76660318795426,-0.017255193938075928,-12.726020124739321,-12.726020124739321,0.0,-0.0,0,0,-2.5820959263468457,-0.041827916860958984
44.40540075302124,15.0,15.052764434277535,5.832883336923953,-3.6535222044888016,9.522370358359192,-0.03596481694643643,-12.726020124739321,-12.726020124739321,0.0,-0.0,0,0,-2.6990719447483156,-0.029591895930242723
44.70620155334473,15.0,15.050184729155557,5.610268416130062,-3.5381660400503723,9.167609299517682,-0.01917484333724733,-12.726020124739321,-12.726020124739321,0.0,-0.0,0,0,-2.8678292677084656,-0.03700371151846789
44.906747341156006,15.0,15.048465412961278,5.534341602831507,-3.3651816201300644,8.942651633138675,-0.043128410177104386,-12.726020124739321,-12.726020124739321,0.0,-0.0,0,0,-2.978818157384124,-0.018930044387171416
45.20754814147949,15.0,15.045887181139928,5.347739758393459,-3.249891344511635,8.616794994007519,-0.019163891102424623,-12.726020124739321,-12.726020124739321,0.0,-0.0,0,0,-3.139678597308772,-0.031017511296075863
45.40804624557495,15.0,15.044169255267475,5.291030641443989,-3.0770057180744548,8.411150389752581,-0.04311403023413825,-12.726020124739321,-12.726020124739321,0.0,-0.0,0,0,-3.245762758540822,-0.014142058151949034
45.658695697784424,15.0,15.042022108510025,5.178903431954693,-2.9618086717217995,8.163691816047136,-0.022979712370642412,-12.726020124739321,-12.726020124739321,0.0,-0.0,0,0,-3.3755716893673426,-0.022367335835146454
45.85925340652466,15.0,15.040304554697721,5.1215881984882525,-2.8178298374135213,7.975312650776628,-0.035894614874854285,-12.726020124739321,-12.726020124739321,0.0,-0.0,0,0,-3.4782890887873252,-0.014288962968926934
46.160054206848145,15.0,15.037729118494221,4.982523459982116,-2.7026577398849394,7.704325447057343,-0.019144247190287372,-12.726020124739321,-12.726020124739321,0.0,-0.0,0,0,-3.6281637932266424,-0.023115752743440833
46.31044864654541,15.0,15.036441892376804,4.990120177304563,-2.5299595760875704,7.577494829423202,-0.05741507603106849,-12.726020124739321,-12.726020124739321,0.0,-0.0,0,0,-3.703212426035416,0.002525597800603154
46.61129713058472,15.0,15.03386737079927,4.8744504231800265,-2.4436434846355937,7.332439350128153,-0.014345442312532859,-12.726020124739321,-12.726020124739321,0.0,-0.0,0,0,-3.849859528069263,-0.01922392171825338
46.811795234680176,15.0,15.032152188652706,4.866603202536967,-2.2710066518952576,7.180661840763762,-0.04305198633153709,-12.726020124739321,-12.726020124739321,0.0,-0.0,0,0,-3.9474339996186174,-0.0019569313830826007
47.062504291534424,15.0,15.030007960967444,4.8215549893074385,-2.1559935885209214,7.000486134376467,-0.022937556548106704,-12.726020124739321,-12.726020124739321,0.0,-0.0,0,0,-4.068314750012634,-0.00898416152068209
47.2630500793457,15.0,15.028293251625703,4.817914246379276,-2.0122104951928677,6.865972688042941,-0.03584794647079766,-12.726020124739321,-12.726020124739321,0.0,-0.0,0,0,-4.164935990827366,-0.0009077086504525538
47.46354818344116,15.0,15.026579341122298,4.813272676843149,-1.897229136166212,6.739175739764278,-0.02867392675491636,-12.726020124739321,-12.726020124739321,0.0,-0.0,0,0,-4.261441195447518,-0.0011575095827133482
47.76430130004883,15.0,15.024009010785536,4.759090167625847,-1.7823013439541402,6.560498178454864,-0.019106666874876582,-12.726020124739321,-12.726020124739321,0.0,-0.0,0,0,-4.404572315460555,-0.009007805110791823
47.96484708786011,15.0,15.022295669959783,4.799958340491418,-1.6099455585891764,6.452875578328018,-0.042971679247423705,-12.726020124739321,-12.726020124739321,0.0,-0.0,0,0,-4.500833458146072,0.01018923740847395
48.265647888183594,15.0,15.019726397589736,4.788817646334119,-1.4950559666184748,6.302970901232271,-0.019097288279676675,-12.726020124739321,-12.726020124739321,0.0,-0.0,0,0,-4.644881476208126,-0.0018518391814978568
48.46619367599487,15.0,15.018014033404803,4.848820392893788,-1.3227711241520002,6.21454550883658,-0.042953991790792644,-12.726020124739321,-12.726020124739321,0.0,-0.0,0,0,-4.742122526772954,0.014959862087986837
48.7168550491333,15.0,15.015874244289282,4.882765706564054,-1.207947021699507,6.113616955790689,-0.022904227527127122,-12.726020124739321,-12.726020124739321,0.0,-0.0,0,0,-4.864514602445012,0.006771149707920986
48.91740083694458,15.0,15.014162758341847,4.942223893510721,-1.0644615606107077,6.042459195034856,-0.03577374091342774,-12.726020124739321,-12.726020124739321,0.0,-0.0,0,0,-4.963628820871396,0.014824092691146085
49.218201637268066,15.0,15.011596267172386,4.9784630918684165,-0.9496963491542942,5.947236054404888,-0.019076613382177345,-12.726020124739321,-12.726020124739321,0.0,-0.0,0,0,-5.113381389112892,0.006023786891312038
49.46885108947754,15.0,15.009458408168902,5.070339395432649,-0.7775980025650941,5.882267883277514,-0.03433048527977115,-12.726020124739321,-12.726020124739321,0.0,-0.0,0,0,-5.240469168311022,0.018327648984337228
49.81980323791504,15.0,15.006465892060607,5.153405850711821,-0.634241966854443,5.808071689645249,-0.02042387207898529,-12.726020124739321,-12.726020124739321,0.0,-0.0,0,0,-5.421329053818791,0.011834441767773547
50.02034902572632,15.0,15.00475655013993,5.295481665921247,-0.4335761393202908,5.779087733499862,-0.05002992825832519,-12.726020124739321,-12.726020124739321,0.0,-0.0,0,0,-5.527527708072028,0.03542228853570434
50.22084712982178,15.0,15.003048003946356,5.410232260974059,-0.318954697483953,5.7577711294539045,-0.028584170995892687,-12.726020124739321,-12.726020124739321,0.0,-0.0,0,0,-5.636001839176166,0.028616379085105576
50.47149658203125,15.0,15.000912579031544,5.5134538055846445,-0.20438661383561652,5.740694665188289,-0.02285424576802779,-12.726020124739321,-12.726020124739321,0.0,-0.0,0,0,-5.7741962567913685,0.020590817913362376
50.772297382354736,15.0,14.998350615781911,5.649563218635242,-0.061193798104364205,5.734558950706747,-0.02380193396714043,-12.726020124739321,-12.726020124739321,0.0,-0.0,0,0,-5.94413557055573,0.02262450979256424
50.97290277481079,15.0,14.996642614647477,5.809736520459333,0.11060092479597827,5.741954664681646,-0.04281906901829083,-12.726020124739321,-12.726020124739321,0.0,-0.0,0,0,-6.060682018031032,0.03992248161005431
51.223552227020264,15.0,14.994509012736632,5.963049944719847,0.22513245901909507,5.760764440524216,-0.022846954823464074,-12.726020124739321,-12.726020124739321,0.0,-0.0,0,0,-6.210145538245207,0.03058323545275228
51.42405033111572,15.0,14.992802799458257,6.117896690974008,0.3682030315990126,5.785372443776817,-0.03567878440182165,-12.726020124739321,-12.726020124739321,0.0,-0.0,0,0,-6.332808207004425,0.03861551383559138
51.72485113143921,15.0,14.990243605552278,6.297359574265222,0.48261467954495707,5.833762737728479,-0.019017843008214116,-12.726020124739321,-12.726020124739321,0.0,-0.0,0,0,-6.522233286990799,0.029830852028687585
51.92539691925049,15.0,14.988537957298925,6.488934878744871,0.654223701645229,5.87749667361223,-0.04278549651258747,-12.726020124739321,-12.726020124739321,0.0,-0.0,0,0,-6.652366142722197,0.04776348248708371
52.226197719573975,15.0,14.985980219158867,6.704147500336938,0.7685974613361068,5.9545615841110635,-0.01901154511023214,-12.726020124739321,-12.726020124739321,0.0,-0.0,0,0,-6.854027436081002,0.03577327941957328
52.426695823669434,15.0,14.984275946297789,6.914729136708808,0.940108865758571,6.017391599187039,-0.04277132823680119,-12.726020124739321,-12.726020124739321,0.0,-0.0,0,0,-6.992666444305377,0.05251462035561453
52.72749662399292,15.0,14.98171966254351,7.158506273598136,1.054390397297933,6.123112090973911,-0.018996214673707917,-12.726020124739321,-12.726020124739321,0.0,-0.0,0,0,-7.207994885927279,0.04052135776021306
52.87795066833496,15.0,14.980441500998705,7.353426577296542,1.2258042765892263,6.184587827968784,-0.056965527261468106,-12.726020124739321,-12.726020124739321,0.0,-0.0,0,0,-7.318630162759931,0.06477735595304952
53.17870378494263,15.0,14.97788693039381,7.613331917796838,1.3115125350676493,6.316068322099322,-0.014248939370132923,-12.726020124739321,-12.726020124739321,0.0,-0.0,0,0,-7.547603492964533,0.04320908515128442
53.42940092086792,15.0,14.975758257078867,7.888627530349418,1.4828115376043005,6.439980523964114,-0.034164531218996014,-12.726020124739321,-12.726020124739321,0.0,-0.0,0,0,-7.745369125788534,0.05490601468909828
53.730154037475586,15.0,14.973205283463912,8.204764940386935,1.6255516188050212,6.602943762484863,-0.023730440902949287,-12.726020124739321,-12.726020124739321,0.0,-0.0,0,0,-7.9921299884740025,0.05255762826390259
53.930699825286865,15.0,14.971503510380181,8.47711557522043,1.796743533761802,6.72305354497589,-0.04268150351726124,-12.726020124739321,-12.726020124739321,0.0,-0.0,0,0,-8.162134970613987,0.06790235731347971
54.18134927749634,15.0,14.969377055653695,8.770799129973776,1.9108574405092504,6.882705335213904,-0.022763645749379325,-12.726020124739321,-12.726020124739321,0.0,-0.0,0,0,-8.381974570350712,0.05858451956797178
54.43204641342163,15.0,14.967250800516602,9.079313035416725,2.0534487522891887,7.054303242203326,-0.02843895907578897,-12.726020124739321,-12.726020124739321,0.0,-0.0,0,0,-8.609590347765526,0.061531198652162694
54.73289489746094,15.0,14.964699918057043,9.446857719349575,2.1960266804248008,7.27452700810855,-0.023695969183774236,-12.726020124739321,-12.726020124739321,0.0,-0.0,0,0,-8.893797630145661,0.06108468272767327
54.93340492248535,15.0,14.96300038089927,9.75715887776352,2.367078371097797,7.4327346559164065,-0.04265414925068439,-12.726020124739321,-12.726020124739321,0.0,-0.0,0,0,-9.089438447220415,0.07737796610821876
55.23419380187988,15.0,15.016586078052399,10.143589470525143,2.481042345842699,7.681491304895208,-0.01894418021276317,13.972263076098711,15.215384205787714,0.3051078909877425,-1.5482290206767446,0.0,0,0.0,-0.0
55.4347038269043,15.0,15.046699403976076,7.390985900180078,-1.1121942063085921,7.607155942182227,0.8960241643064428,11.88298366077012,11.086478850270117,0.4533045677677624,0.34320024273224103,0.0,0,0.0,-0.0
55.7355523109436,15.0,15.07456030796255,4.497250039079677,-3.1314700422950814,7.2931232705025675,0.3355968108721907,7.574943266019048,6.745875058619514,0.5886036534280458,0.24046455397148747,0.0,0,0.0,-0.0
55.986201763153076,15.0,15.086605553649697,2.248370266318659,-4.999707723221203,6.875398603158279,0.3726793863815826,4.241819605517909,3.3725553994779887,0.6449589309897296,0.22430527505019088,0.0,0,0.0,-0.0
56.23685121536255,15.0,15.090906040470152,0.7439003462092357,-5.80741237916742,6.390190359294004,0.16112236608265215,1.9295124438940703,1.1158505193138537,0.6636047524173078,0.15005717216290868,0.0,0,0.0,-0.0
56.43739700317383,15.0,15.091049406536698,-0.04119263865342222,-6.095785345392812,5.982695667820587,0.07189703891880321,0.6988592365093611,-0.061788957980133334,0.6627786514002301,0.09786954308926428,0.0,0,0.0,-0.0
56.738197803497314,15.0,15.088456562361518,-0.7332748492388974,-6.105398884415658,5.370526044245136,0.0015979909316243875,-0.40167061111541985,-1.099912273858346,0.6407216852494156,0.0575199774935105,0.0,0,0.0,-0.0
56.93869590759277,15.0,15.08672890166978,-1.000786153390609,-5.931533413604173,4.974105642976302,-0.043358382762738276,-0.8471672778551187,-1.5011792300859135,0.6206561126134352,0.03335583961735956,0.0,0,0.0,-0.0
57.23949670791626,15.0,15.084137541923148,-1.4439556075555386,-5.815683590291698,4.390984883513665,-0.01925690077750592,-1.5518791292899747,-2.1659334113333077,0.577221812375006,0.03683246966832681,0.0,0,0.0,-0.0
57.440054416656494,15.0,15.082410356854211,-1.6714301496873762,-5.641917659155915,4.013808190639874,-0.043320681171334974,-1.9350899843516218,-2.5071452245310644,0.5436999922609412,0.0283552479185014,0.0,0,0.0,-0.0
57.7409029006958,15.0,15.079820069884075,-2.085712995283007,-5.526099729153167,3.459635281917956,-0.019248548047796795,-2.6131916564218636,-3.1285694929245107,0.48095163298374377,0.03442620351890354,0.0,0,0.0,-0.0
57.99150466918945,15.0,15.07766314510984,-2.374533280591356,-5.352405733998822,3.012527834372733,-0.03465538096526729,-3.111541837557206,-3.561799920887034,0.42144540903742106,0.028812674292406734,0.0,0,0.0,-0.0
58.29230546951294,15.0,15.075074898772126,-2.7414522189259474,-5.207771226083935,2.4903605834701756,-0.02404157631218809,-3.7427008451307784,-4.1121783283889215,0.3389823068872688,0.030495176370874056,0.0,0,0.0,-0.0
58.49285125732422,15.0,15.073349891025332,-2.9236548311308947,-5.034214067350451,2.1538304414210354,-0.0432712052014793,-4.082419262752544,-4.385482246696342,0.28034964074752905,0.02271334319626879,0.0,0,0.0,-0.0
58.793699741363525,15.0,15.070762715249852,-3.2771812966252276,-4.9185421396193085,1.6605851259583966,-0.01922428296431595,-4.704638355561616,-4.915771944937841,0.18175613824636214,0.029377451129863737,0.0,0,0.0,-0.0
58.994197845458984,15.0,15.06903910414931,-3.444860198333199,-4.745056768388034,1.3434601639960213,-0.04326359394118673,-5.033695161686605,-5.1672902974997985,0.11268734438239081,0.020907791430803,0.0,0,0.0,-0.0
59.29499864578247,15.0,15.066453817787377,-3.769413705151923,-4.629478494012629,0.8792765519695656,-0.019211763108859813,-5.627843356656987,-5.654120557727885,-0.000696921543610829,0.026974122614508822,0.0,0,0.0,-0.0
59.64595079421997,15.0,15.063438531568417,-4.122836543561078,-4.456119819086135,0.3579816105684979,-0.024698335043440635,-6.304467572084143,-6.1842548153416175,-0.14538875580555052,0.025175999063024337,0.0,0,0.0,-0.0
59.84644889831543,15.0,15.06171659536343,-4.230669547795305,-4.2539271215422225,0.0736801696253417,-0.050422595878424556,-6.562771560946952,-6.346004321692957,-0.23021287814428565,0.013445638890291739,0.0,0,0.0,-0.0
60.19740104675293,15.0,15.058703204990175,-4.5653653196301685,-4.138461158776963,-0.410453775340632,-0.016450385512574068,-7.214641353775459,-6.848047979445253,-0.3904353548769118,0.02384198054670611,0.0,0,0.0,-0.0
60.39789915084839,15.0,15.056982351227104,-4.6603202079679145,-3.936395588851882,-0.6735337261854755,-0.05039089293055743,-7.462514329851733,-6.990480311951872,-0.483873891494444,0.011839873594582362,0.0,0,0.0,-0.0
60.698747634887695,15.0,15.054400791019766,-4.89689483291062,-3.821002210191482,-1.0567146336677915,-0.01917798905134645,-7.956879528500597,-7.34534224936593,-0.6311962301925513,0.019658951057885052,0.0,0,0.0,-0.0
60.899245738983154,15.0,15.052680920444624,-4.991576288065658,-3.6478933958734583,-1.300513203606116,-0.04316968858608384,-8.206835041152402,-7.487364432098486,-0.7312763884130526,0.011805779359135357,0.0,0,0.0,-0.0
61.20009422302246,15.0,15.050100835010404,-5.206501884493502,-3.5325659457534186,-1.6547689067890479,-0.019167031951035494,-8.679806081645477,-7.809752826740253,-0.887913208322819,0.017859953417595036,0.0,0,0.0,-0.0
61.400604248046875,15.0,15.048381844581597,-5.282008946419711,-3.3595560236576727,-1.8793104609138882,-0.043142461848149564,-8.907421827648147,-7.923013419629566,-0.9938227829253985,0.009414374906817666,0.0,0,0.0,-0.0
61.70140504837036,15.0,15.04580364139547,-5.468053081596907,-3.2442875925325243,-2.204605229018335,-0.01916026004604821,-9.344919476030922,-8.202079622395361,-1.158302257240964,0.015462403605402762,0.0,0,0.0,-0.0
61.95199489593506,15.0,15.043656538788378,-5.5670586790842655,-3.071403886255508,-2.4611594395737972,-0.03449535325495998,-9.63851785899646,-8.350588018626398,-1.2978070958185093,0.00987725544844719,0.0,0,0.0,-0.0
62.25285530090332,15.0,15.041079443940209,-5.706097199424487,-2.9274280124887753,-2.7547418320247328,-0.023927354910979595,-10.017073358379735,-8.559145799136731,-1.469480967239221,0.011553407996217483,0.0,0,0.0,-0.0
62.4534010887146,15.0,15.039362207471735,-5.736587617076257,-2.7546186267989103,-2.9388842195684037,-0.04308477070894271,-10.185606311454146,-8.604881425614385,-1.5845258155407198,0.003800929700959624,0.0,0,0.0,-0.0
62.754154205322266,15.0,15.036787502198594,-5.862105163248702,-2.639467809042806,-3.2034936094868143,-0.019143744719081215,-10.543554597071575,-8.793157744873053,-1.7608304553136138,0.010433603115091212,0.0,0,0.0,-0.0
63.00485134124756,15.0,15.034642053940068,-5.910887535361087,-2.466818658430414,-3.409635066992007,-0.03443380993866653,-10.770481344083235,-8.86633130304163,-1.9090147129027675,0.004864671861161746,0.0,0,0.0,-0.0
63.25554847717285,15.0,15.032497217862813,-5.9554010432110225,-2.32295371847715,-3.6037543483617505,-0.02869297637212251,-10.986977503685107,-8.933101564816534,-2.0583149113847177,0.004438972516144,0.0,0,0.0,-0.0
63.506150245666504,15.0,15.030353809386876,-5.993611145443679,-2.179129828883264,-3.785785611326889,-0.028695705233526502,-11.195120749966591,-8.990416718165518,-2.208515866655863,0.003811834854791165,0.0,0,0.0,-0.0
63.80699872970581,15.0,15.027781372175848,-6.0491902490511995,-2.035401668364578,-3.989901446773075,-0.023887133913546212,-11.45967168236975,-9.073785373576799,-2.3905048382651035,0.004618529472152754,0.0,0,0.0,-0.0
64.00749683380127,15.0,15.026067578425637,-6.020326129439614,-1.8629046046731101,-4.114404393888962,-0.043017130877542005,-11.545299481363562,-9.030489194159422,-2.5112112357640033,-0.0035990514401376354,0.0,0,0.0,-0.0
64.35844898223877,15.0,15.023068435734492,-6.08324795431859,-1.7479846414502287,-4.318890715673199,-0.016372597195162517,-11.845093838629904,-9.124871931477884,-2.724704129668617,0.004482222516596211,0.0,0,0.0,-0.0
64.55899477005005,15.0,15.021355309428737,-6.019312277878347,-1.5468744625130704,-4.422297101583143,-0.05014071378213392,-11.882357528110536,-9.02896841681752,-2.845418901953539,-0.00797020933947614,0.0,0,0.0,-0.0
64.85974788665771,15.0,15.018786765946158,-6.016953694608383,-1.43199925537143,-4.565856514594081,-0.01909792464287172,-12.052007257907853,-9.025430541912575,-3.026380659567287,-0.00019605642799046613,0.0,0,0.0,-0.0
65.060293674469,15.0,15.017074616004972,-5.952775016781504,-1.259763289102045,-4.650069921683647,-0.0429418059958121,-12.082924082126318,-8.929162525172256,-3.145761055107662,-0.008000501846400478,0.0,0,0.0,-0.0
65.36109447479248,15.0,15.014507129244643,-5.928908470733675,-1.1449535529544974,-4.764870903370958,-0.01908401440821952,-12.219449386500633,-8.893362706100513,-3.3241030964118004,-0.001983583988320728,0.0,0,0.0,-0.0
65.61174392700195,15.0,15.012368441066709,-5.853279449281861,-0.9727884461347536,-4.846147200417417,-0.03434380272969081,-12.258277705171723,-8.779919173922792,-3.4708152251709468,-0.00754330607798508,0.0,0,0.0,-0.0
65.91254472732544,15.0,15.009802563294658,-5.782521386200356,-0.8293768093943221,-4.929306269762601,-0.02383830704343275,-12.324416817972343,-8.673782079300533,-3.644753931256621,-0.005880807415190599,0.0,0,0.0,-0.0
66.16319417953491,15.0,15.007665215157148,-5.67586707680337,-0.6573195947136679,-4.984225201876446,-0.0343222802132563,-12.31145763980242,-8.513800615205055,-3.7870192286180755,-0.010637795979287934,0.0,0,0.0,-0.0
66.41390323638916,15.0,15.005527967561056,-5.569760940432547,-0.5139978155749958,-5.0271798377324295,-0.02858328712512238,-12.291880195130968,-8.35464141064882,-3.926658179846023,-0.010580604636124936,0.0,0,0.0,-0.0
66.61444902420044,15.0,15.003818839306085,-5.458373490237325,-0.3706827783304334,-5.05195946100188,-0.03573125090501201,-12.237569334864906,-8.187560235355988,-4.036123561022808,-0.013885538486108927,0.0,0,0.0,-0.0
66.91524982452393,15.0,15.001255883256418,-5.352761380605096,-0.2560756640379136,-5.07763538256387,-0.01905033400331205,-12.235054701495882,-8.029142070907644,-4.197135051745473,-0.008777578842763407,0.0,0,0.0,-0.0
67.1157956123352,15.0,14.999547728042934,-5.21032775621753,-0.08421436804866289,-5.083264994825653,-0.04284839334321454,-12.134873363226694,-7.815491634326294,-4.301625980208035,-0.017755748692363613,0.0,0,0.0,-0.0
67.41659641265869,15.0,14.996986230970142,-5.068936139772565,0.03032749808205004,-5.080224149594023,-0.019039488260591837,-12.069255461273421,-7.603404209658848,-4.454099984971258,-0.011751266643315937,0.0,0,0.0,-0.0
67.61715412139893,15.0,14.995278946488275,-4.907444344724208,0.2020909610801258,-5.066713849556909,-0.04282145624742517,-11.933819421460482,-7.361166517086312,-4.552522564326068,-0.020130340048101016,0.0,0,0.0,-0.0
67.91789531707764,15.0,14.992719414461517,-4.737437305987155,0.31657443952841646,-5.034978191068545,-0.01903355444702629,-11.815285116429719,-7.106155958980732,-4.694996820311619,-0.014132337137366792,0.0,0,0.0,-0.0
68.16854476928711,15.0,14.990586928727502,-4.540219919853981,0.4882061346180411,-4.994188657666106,-0.03423739680591614,-11.638797701730715,-6.810329879780971,-4.808797183893813,-0.019670638055928724,0.0,0,0.0,-0.0
68.4693455696106,15.0,14.988028491240971,-4.323467294902572,0.6312018609683445,-4.930899982684455,-0.023769173186461504,-11.442063000165305,-6.485200942353858,-4.938847426141725,-0.01801463166972211,0.0,0,0.0,-0.0
68.66995096206665,15.0,14.614225454015182,-55.37993427427966,-61.89449591233793,-9.069689863805863,15.58425150186413,-6.485200942353858,-6.485200942353858,0.0,-0.0,34.71776203038302,49.8419408468517,1.1109513449282387,-16.235130161396917
68.97070407867432,14.813,13.638621162933847,-65.78279167586932,-49.703531655868275,-14.05252054777592,-2.0267394722251266,-6.485200942353858,-6.485200942353858,0.0,-0.0,60.5644338845816,59.20451250828239,3.0893893064952915,-1.729467930196088
69.1712498664856,14.625,13.258571984629379,-23.627991639113922,3.4452535874557544,-13.822210182807272,-13.251035043762405,-6.485200942353858,-6.485200942353858,0.0,-0.0,35.33845000984347,21.265192475202532,3.5632387262617335,10.510018808379202
69.47205066680908,14.438,13.132365683056777,1.7466005698322018,16.05505838582797,-12.212418712241487,-2.096039103754281,-6.485200942353858,-6.485200942353858,0.0,-0.0,7.728540717702964,0,3.5107008413366354,4.217839876366329
69.67254877090454,14.250000000000002,13.093687964298061,1.8024908983740724,12.246706456803746,-11.39393823690723,0.9497226784775561,-6.485200942353858,-6.485200942353858,0.0,-0.0,3.4884991101451575,0,3.474561240559303,0.013937869585854213
70.02350091934204,14.062999999999999,12.9161377644032,-7.733703602758465,1.9655446079428263,-11.164000869238137,1.4647526585368462,-6.485200942353858,-6.485200942353858,0.0,-0.0,9.347692988113783,6.960333242482618,3.7459772300359946,-1.3586174844048304
70.22404670715332,13.875,12.786766402414482,-9.36582112519499,1.6001034178478424,-11.057036202400864,0.09111165935803076,-6.485200942353858,-6.485200942353858,0.0,-0.0,11.956124916651108,8.429239012675492,3.93380482764117,-0.40691892366555377
70.5248475074768,13.688,12.534388833246025,-13.21912412088981,-2.599515571348654,-11.317681657172544,0.6980731076313883,-6.485200942353858,-6.485200942353858,0.0,-0.0,15.588141410550342,11.897211708800828,4.331437139155086,-0.6405074374055705
70.77549695968628,13.5,12.342205087663933,-10.021547461726994,2.052658995367196,-11.146182372918666,-0.9280240841755234,-6.485200942353858,-6.485200942353858,0.0,-0.0,14.239877690775623,9.019392715554295,4.582626677312397,0.6378582979089333
71.07634544372559,13.313,12.131055891826149,-8.876167843724039,2.0649802186958777,-10.93910031679673,-0.0020477456231875173,-6.485200942353858,-6.485200942353858,0.0,-0.0,13.02857411728891,7.988551059351635,4.8496648412986785,0.19035821663859687
71.27679586410522,13.125,12.002629247511113,-7.193285985378386,3.952549565959851,-10.675003576107391,-0.4708319752308458,-6.485200942353858,-6.485200942353858,0.0,-0.0,11.887587036420442,6.473957386840548,4.9938545612666845,0.4197750883132087
71.57764434814453,12.938,11.774938343991591,-10.308060673443787,-0.3104183065559596,-10.706133201755861,0.7084908348680332,-6.485200942353858,-6.485200942353858,0.0,-0.0,14.063560597058414,9.277254606099408,5.30397100396576,-0.5176650130067545
71.87844514846802,12.75,11.559325153375456,-8.248544193038335,2.68636995237328,-10.436779124542912,-0.4981350208687015,-6.485200942353858,-6.485200942353858,0.0,-0.0,13.318116576826112,7.423689773734501,5.552087873442718,0.3423389296488928
72.2293496131897,12.563,11.343855714404611,-5.893195626648377,4.2697734376788254,-9.937351603665734,-0.22561746066146865,-6.485200942353858,-6.485200942353858,0.0,-0.0,11.39836988863443,5.303876063983539,5.758882739129637,0.33561108552125507
72.53015041351318,12.375,11.194743079967502,-3.2057978767056063,6.447040528270209,-9.290926620125191,-0.36191178485062436,-6.485200942353858,-6.485200942353858,0.0,-0.0,9.187238698915595,2.8852180890350456,5.855313395828475,0.4467072140520732
72.73074388504028,12.188,11.088226052089887,-4.76411520555076,3.57119011009428,-9.052140812902838,0.7168354972577984,-6.485200942353858,-6.485200942353858,0.0,-0.0,9.85015539042313,4.287703684995684,5.950878436612122,-0.388426731184676
73.03149700164795,12.0,10.957686795042273,9.502309991877588,19.229881975608354,-7.124325167515573,-2.6032468162151945,-6.485200942353858,-6.485200942353858,0.0,-0.0,8.036876936699322,0,5.665093502109187,2.3717834345901347
73.33229780197144,11.875,10.859196488355886,14.38061921473134,19.60132178049396,-5.158960741191984,-0.061741824570638884,-6.485200942353858,-6.485200942353858,0.0,-0.0,6.043410333761781,0,5.232523325215338,0.8108870085464425
73.63309860229492,11.749999999999998,10.779911807010427,14.747339901563954,17.823690732258115,-3.371833928864802,0.29548309817064244,-6.485200942353858,-6.485200942353858,0.0,-0.0,4.8498795595019155,0,4.788922160712046,0.06095739878986975
73.93389940261841,11.625,10.711756483893847,13.375689263253541,14.758209405901113,-1.892073528652583,0.5095533860050121,-6.485200942353858,-6.485200942353858,0.0,-0.0,4.158580525264341,0,4.386580357185553,-0.2279998319212111
74.18454885482788,11.5,10.662595852123333,10.72931727646607,10.946439071197034,-0.9775005430392811,0.7603787483083162,-6.485200942353858,-6.485200942353858,0.0,-0.0,3.5897476011304903,0,4.1176506073927674,-0.5279030062622772
74.48539733886719,11.375000000000002,10.609959143594692,6.3164051520953315,5.860962824885441,-0.3897466160801088,0.8451889432899988,-6.485200942353858,-6.485200942353858,0.0,-0.0,3.194211453807268,0,3.927622515934172,-0.7334110621269043
74.73604679107666,11.25,10.56926474127862,1.6710602712396705,1.0085779952957008,-0.3054801087363103,0.96796238468028,-6.485200942353858,-6.485200942353858,0.0,-0.0,2.9590757955217986,0,3.8857374817746484,-0.92666168625285
75.03679990768433,11.125,10.455085083357034,-4.47587731943746,-4.6446087922753065,-0.7711069653030324,0.9398384381408786,-6.485200942353858,-6.485200942353858,0.0,-0.0,7.026716303044207,4.028289587493714,4.0203508871120865,-1.0219241715615939
75.2373456954956,11.0,10.353807097524898,-6.319373915152518,-5.370176447985164,-1.1300957207852864,0.18089825361793258,-6.485200942353858,-6.485200942353858,0.0,-0.0,9.3748999184755,5.687436523637266,4.147083269140917,-0.4596198743026838
75.53819417953491,10.875,10.164378248146262,-8.524660283395486,-6.96087719327938,-1.828152171179248,0.26436908106314183,-6.485200942353858,-6.485200942353858,0.0,-0.0,11.70922950462944,7.672194255055937,4.4035463814618785,-0.3665111318883763
75.83894729614258,10.75,10.002761069957087,-5.451665358071889,-2.6405434307307907,-2.0928693932893094,-0.7182525340517896,-6.485200942353858,-6.485200942353858,0.0,-0.0,9.984889043655606,4.9064988222647,4.567506916176095,0.5108833052148108
76.18989944458008,10.625,9.861849257676884,-2.6494939266473914,-0.18514600014478688,-2.114528522131117,-0.3498194043714877,-6.485200942353858,-6.485200942353858,0.0,-0.0,7.44426015424129,2.3845445339826523,4.660491474758995,0.39922414549964325
76.49070024490356,10.5,9.762541536045674,-1.3216316388606475,0.8818347154898376,-2.0261096594069916,-0.17735669494349338,-6.485200942353858,-6.485200942353858,0.0,-0.0,6.1104359378001165,1.1894684749745827,4.700246260229208,0.22072120259632588
76.74144506454468,10.375,9.66992318105779,-2.593844076962945,-0.8409838470637254,-2.096400440424686,0.34354021052546635,-6.485200942353858,-6.485200942353858,0.0,-0.0,6.846058541701605,2.334459669266651,4.7652855567547325,-0.2536866843197784
77.09234952926636,10.25,9.495861093963974,-5.151717315291752,-3.012363835716636,-2.4487510801977166,0.30939760062260013,-6.485200942353858,-6.485200942353858,0.0,-0.0,9.21813859287204,4.636545583762577,4.946061617446719,-0.3644686083372561
77.292799949646,10.125000000000002,9.407091216725362,-2.9732961809672664,0.27753802310428455,-2.4302068757301876,-0.8206273283413632,-6.485200942353858,-6.485200942353858,0.0,-0.0,8.225009560255277,2.67596656287054,5.0056614643855255,0.5433815329992108
77.5936484336853,10.0,9.023396273346501,-23.967889968645437,-23.106870326787732,-4.747429178632497,3.886409536774794,-6.485200942353858,-6.485200942353858,0.0,-0.0,23.808602328958024,21.571100971780893,5.726731800654314,-3.489230443477185
77.84425020217896,9.8125,8.70556641013627,-18.154393191411703,-9.950844011004056,-5.578662214353192,-2.6248869660544543,-6.485200942353858,-6.485200942353858,0.0,-0.0,23.680545349491748,16.338953872270533,6.181684104624004,1.1599073725972104
78.14509868621826,9.625,8.45414838545473,-8.364066141801073,-1.2114591899831106,-5.700150767947161,-1.4524561838708023,-6.485200942353858,-6.485200942353858,0.0,-0.0,15.588094520119032,7.527659527620966,6.43331576654054,1.6271192259575251
78.39574813842773,9.4375,8.313652222938046,-3.223640874138804,3.0746207684561933,-5.44326676415869,-0.8549948784363077,-6.485200942353858,-6.485200942353858,0.0,-0.0,10.440814140450623,2.9012767867249236,6.514116148462836,1.0254212052628617
78.69659662246704,9.25,8.138102798866715,-5.004445811001409,-0.07726333326203427,-5.451014949719926,0.5238324719805512,-6.485200942353858,-6.485200942353858,0.0,-0.0,10.872711617529419,4.504001229901268,6.664674142032499,-0.2959637544043496
78.9471983909607,9.0625,7.974225690269041,-6.243142894994996,-0.8786198244059573,-5.52440951032983,0.15988643974079159,-6.485200942353858,-6.485200942353858,0.0,-0.0,12.192812490919748,5.618828605495497,6.821128407076931,-0.24714452165268003
79.14774417877197,8.875,7.828234446819345,-7.756773861495462,-2.4626738045526952,-5.689035796415237,0.39493573947247124,-6.485200942353858,-6.485200942353858,0.0,-0.0,13.580405814581727,6.981096475345916,6.976687239569685,-0.37737790033387464
79.39839363098145,8.6875,7.608387221438967,-10.8181863148788,-5.246080370015238,-6.1273448534123,0.5552389085487399,-6.485200942353858,-6.485200942353858,0.0,-0.0,16.37351615117222,9.73636768339092,7.247844486942125,-0.6106960191608268
79.69919443130493,8.5,7.34114403029599,-9.87342503650679,-3.0770084203622483,-6.435867051894656,-0.36054956424988444,-6.485200942353858,-6.485200942353858,0.0,-0.0,16.58796145315819,8.886082532856111,7.544837902233643,0.1570410180684355
79.94990348815918,8.3125,7.1641867388581355,-5.0423269756804565,2.270242141318679,-6.246143629867731,-1.066425487131404,-6.485200942353858,-6.485200942353858,0.0,-0.0,13.17283482846697,4.538094278112411,7.671253606276001,0.9634869440785571
80.20060062408447,8.125,7.00460785717799,-4.411217656680738,1.563291447816928,-6.115506067006328,0.14099696250866234,-6.485200942353858,-6.485200942353858,0.0,-0.0,11.877808327921494,3.9700958910126642,7.781841569523296,0.12587086738553474
80.45125007629395,7.9375,6.829101650399183,-6.076820739997457,-0.3089839587552268,-6.1413216203408325,0.3734848390986024,-6.485200942353858,-6.485200942353858,0.0,-0.0,13.071037939228896,5.469138665997711,7.934156748488849,-0.3322574752576642
80.65170049667358,7.750000000000001,6.676348874376406,-7.128331262865593,-1.1132384238636162,-6.215704657022909,0.20061181802093236,-6.485200942353858,-6.485200942353858,0.0,-0.0,14.230255651077037,6.415498136579034,8.07704444831352,-0.2622869338155167
80.85224628448486,7.5625,6.503531043761512,-9.308208911880422,-3.4432444126623496,-6.445880711477628,0.5809162122595544,-6.485200942353858,-6.485200942353858,0.0,-0.0,16.097618406599175,8.377388020692381,8.263716657248024,-0.5434862713412291
81.15309476852417,7.375,6.2084037294108985,-11.154055496992362,-4.427770330999881,-6.889910042062805,0.1636248760703245,-6.485200942353858,-6.485200942353858,0.0,-0.0,18.331161217009566,10.038649947293125,8.599284725964067,-0.3067734562476264
81.40374422073364,7.1875,6.01151553871824,-5.307260797215285,2.789274897120686,-6.656866633721161,-1.4396690606148104,-6.485200942353858,-6.485200942353858,0.0,-0.0,14.675174684680544,4.776534717493757,8.732310927119547,1.1663290400672401
81.65439367294312,7.0,5.670141806762867,-21.603612832692658,-17.536156896356548,-8.122009340364873,4.054553404028762,-6.485200942353858,-6.485200942353858,0.0,-0.0,25.46623046458693,19.443251549423394,9.27380429934554,-3.2508253841820074
81.90510272979736,6.75,5.276926766116529,-21.70643040498128,-11.40901008271593,-9.075456726190978,-1.2219635960743707,-6.485200942353858,-6.485200942353858,0.0,-0.0,29.333286176676083,19.535787364483152,9.818004168796064,-0.020505356603131353
82.20590353012085,6.499999999999999,4.905446175508539,-12.658404322519692,-1.8055982357503053,-9.256498524316434,-1.596307562452951,-6.485200942353858,-6.485200942353858,0.0,-0.0,23.095323569794676,11.392563890267724,10.198769983899282,1.503989695627669
82.45655298233032,6.25,4.695849153555106,-4.011345708120167,6.340390745267777,-8.72676003528464,-1.6249764181033037,-6.485200942353858,-6.485200942353858,0.0,-0.0,15.634455964351366,3.6102111373081507,10.299314144335597,1.7249306827076183
82.75735378265381,6.0,4.466807060075883,-4.281203486240728,3.6311331402425706,-8.362677450395939,0.45034082391263985,-6.485200942353858,-6.485200942353858,0.0,-0.0,14.236319666256765,3.8530831376166557,10.428093087836487,-0.04485655919637701
83.10829401016235,5.75,4.175223459651711,-5.6762966483405295,2.2257820900952408,-8.102305292701782,0.20022655426601263,-6.485200942353858,-6.485200942353858,0.0,-0.0,15.537199087287476,5.108666983506477,10.627297171553948,-0.198765067772949
83.35895538330078,5.5,3.9862309013808033,-3.22535547778648,5.014207378044477,-7.683349257174628,-0.5562135986563292,-6.485200942353858,-6.485200942353858,0.0,-0.0,14.09985917123618,2.902819930007832,10.7081443748461,0.48889486638224816
83.65974426269531,5.25,3.731853130888674,-5.9874475719093745,0.9232991465482177,-7.590776551962573,0.6800298335049813,-6.485200942353858,-6.485200942353858,0.0,-0.0,15.817801628871763,5.388702814718437,10.888240139404914,-0.4591413252515866
83.91039371490479,5.0,3.508402324375584,-6.3308130811742,1.216854438071202,-7.489108585855503,-0.058558933389899155,-6.485200942353858,-6.485200942353858,0.0,-0.0,16.67615823103613,5.69773177305678,11.046921622488602,-0.06849516450925017
84.26134586334229,4.75,3.16730581412354,-7.864810007426288,-0.5634253293952618,-7.555020362467293,0.2536356844362656,-6.485200942353858,-6.485200942353858,0.0,-0.0,18.182719950960212,7.07832900668366,11.322938819404502,-0.2185478751279497
84.66240167617798,4.5,2.8680521711651688,-2.0301452562907807,5.545132136520781,-6.813717870369404,-0.761559522442158,-6.485200942353858,-6.485200942353858,0.0,-0.0,13.958902769427823,1.8271307306617026,11.404358974998125,0.7274130637679953
84.86294746398926,4.25,2.7359463286250865,1.802189772719134,8.84787894410437,-6.222249585934657,-0.8234395854505785,-6.485200942353858,-6.485200942353858,0.0,-0.0,12.323693138826307,0,11.368216818222587,0.9554763206037212
85.16374826431274,4.0,2.510453732319734,-3.8713032510710956,0.942381425624661,-6.127759890255362,1.3140752135596052,-6.485200942353858,-6.485200942353858,0.0,-0.0,14.025774040540362,3.484172925963986,11.484665929844297,-0.9430648152679213
85.41444540023804,3.75,2.2824733746397867,-6.559563279058619,-0.7009843124804127,-6.186338143411161,0.3277591768329559,-6.485200942353858,-6.485200942353858,0.0,-0.0,17.016562345068014,5.903606951152757,11.64911230254237,-0.5361569086271126
85.7151985168457,3.5,1.9753885665953514,-8.336694011446335,-2.1775310003702475,-6.404637888368214,0.24547487729212755,-6.485200942353858,-6.485200942353858,0.0,-0.0,19.107418814289293,7.5030246103017015,11.899840973157067,-0.29544676916947676
85.86560487747192,3.2499999999999996,1.8296430274448876,-5.94406591796551,1.6503415427760293,-6.3218972666218125,-1.2725101941197274,-6.485200942353858,-6.485200942353858,0.0,-0.0,18.134290767093432,5.349659326168959,11.989243505361422,0.7953879355630498
86.21654510498047,3.0,1.5705434263314897,9.129585985595966,15.614431269174311,-4.495319912614955,-1.9895253709633893,-6.485200942353858,-6.485200942353858,0.0,-0.0,13.81645918871077,0,11.668849607077036,2.1476095816337346
86.46719455718994,2.8125,1.399713002104256,16.668259482172367,20.415606163006807,-2.7895997455209582,-0.9577469353134789,-6.485200942353858,-6.485200942353858,0.0,-0.0,12.754888637766156,0,11.251060596227852,1.5038280415383043
86.71784400939941,2.625,1.2507078034769052,18.34352133118892,19.297812942842395,-1.1772709978661855,0.22297938621271102,-6.485200942353858,-6.485200942353858,0.0,-0.0,11.125465461977448,0,10.791281238902325,0.33418422307512263
86.96855306625366,2.4375,1.1143917156627097,17.451032826281995,16.71650982076595,0.21972247248681664,0.5148005330292292,-6.485200942353858,-6.485200942353858,0.0,-0.0,10.175775168085597,0,10.353768040801356,-0.17799287271575945
87.26935386657715,2.25,0.9608921300025739,15.406535886372936,13.284327094420728,1.5517012130737262,0.5705075788784795,-6.485200942353858,-6.485200942353858,0.0,-0.0,9.550495871178216,0,9.890338208318006,-0.3398423371397903
87.46989965438843,2.0625,0.862023286016951,13.860159719216574,11.004399089655445,2.2873298413486185,0.5684307882125095,-6.485200942353858,-6.485200942353858,0.0,-0.0,9.226836621928008,0,9.612378543309962,-0.3855419213819532
87.77070045471191,1.875,0.7252104656893168,8.843857905446892,5.0611581434716415,2.7947966480552853,0.9879031139199663,-6.485200942353858,-6.485200942353858,0.0,-0.0,8.512530043977655,0,9.3463545897194,-0.8338245457417441
88.02134990692139,1.6875,0.6113504982728457,5.2739778795145416,1.662284257334759,2.933680194227748,0.6780134279520342,-6.485200942353858,-6.485200942353858,0.0,-0.0,8.502036585201285,0,9.21416262307288,-0.7121260378715953
88.17174434661865,1.5,0.54850392917096,1.1354325576526603,-3.2757135823611394,2.7694638246184393,1.6416823153953604,-6.485200942353858,-6.485200942353858,0.0,-0.0,7.821189297562269,0,9.19708634874066,-1.3758970511783908
88.32215070724487,1.3125,0.44640448696416063,-6.669574186296323,-11.63446018920664,2.1861648863153653,2.778721116594952,-6.485200942353858,-6.485200942353858,0.0,-0.0,12.705377902952206,6.002616767666691,9.297400986769402,-2.594639851483887
88.47254514694214,1.125,0.2876829903702034,-14.141378063160516,-17.36107050015832,1.3158287295100193,1.9038637074877836,-6.485200942353858,-6.485200942353858,0.0,-0.0,19.7532505176873,12.727240256844466,9.510079449805025,-2.4840691889621906
88.62295150756836,0.9375,0.0878064416646815,-18.30064671614306,-19.290838625770242,0.34867378580007696,0.6415181238271053,-6.485200942353858,-6.485200942353858,0.0,-0.0,24.873237747227297,16.470582044528754,9.78533281677315,-1.3826771140746053
88.77339363098145,0.75,0.0,-19.3138381017383,-18.460918151448944,-0.5770927898196431,-0.2758271604697087,-6.485200942353858,-6.485200942353858,0.0,-0.0,27.12161065948804,17.382454291564468,10.075894298301359,-0.3367379303777853
88.92375230789185,0.5625,0.0,-24.760324392531043,-25.145958318059503,-1.8373971306021444,2.2230310561306057,-6.485200942353858,-6.485200942353858,0.0,-0.0,30.921314602380452,22.28429195327794,10.448187259854686,-1.8111646107521744
89.0239953994751,0.375,0.0,-34.54544419754813,-37.718937477089234,-3.0977514319150816,6.271244711456184,-6.485200942353858,-6.485200942353858,0.0,-0.0,37.00468590737018,31.090899777793318,10.79448147250258,-4.880695342925721
89.22455310821533,0.1875,0.0,-53.617307836139496,-50.29191663611898,-6.459895288146714,3.1345040881261936,-6.485200942353858,-6.485200942353858,0.0,-0.0,55.370687765039676,48.255577052525545,11.869817913346175,-4.754707200832045
89.32479619979858,0.0,0.0,0.0,0.0,0.0,-0.0,0.0,0.0,0.0,-0.0,0.0,0.0,0.0,-0.0
89.42509889602661,0.0,0.0,0.0,0.0,0.0,-0.0,0.0,0.0,0.0,-0.0,0.0,0.0,0.0,-0.0
89.57550525665283,0.0,0.0,0.0,0.0,0.0,-0.0,0.0,0.0,0.0,-0.0,0.0,0.0,0.0,-0.0
89.67574834823608,0.0,0.0,0.0,0.0,0.0,-0.0,0.0,0.0,0.0,-0.0,0.0,0.0,0.0,-0.0
89.8261547088623,0.0,0.0,0.0,0.0,0.0,-0.0,0.0,0.0,0.0,-0.0,0.0,0.0,0.0,-0.0
89.92639780044556,0.0,0.0,0.0,0.0,0.0,-0.0,0.0,0.0,0.0,-0.0,0.0,0.0,0.0,-0.0
90.0768518447876,0.0,0.0,0.0,0.0,0.0,-0.0,0.0,0.0,0.0,-0.0,0.0,0.0,0.0,-0.0
90.22719860076904,0.0,0.0,0.0,0.0,0.0,-0.0,0.0,0.0,0.0,-0.0,0.0,0.0,0.0,-0.0
90.37760496139526,0.0,0.0,0.0,0.0,0.0,-0.0,0.0,0.0,0.0,-0.0,0.0,0.0,0.0,-0.0
90.47784805297852,0.0,0.0,0.0,0.0,0.0,-0.0,0.0,0.0,0.0,-0.0,0.0,0.0,0.0,-0.0
90.57815074920654,0.0,0.0,0.0,0.0,0.0,-0.0,0.0,0.0,0.0,-0.0,0.0,0.0,0.0,-0.0
90.6783938407898,0.0,0.0,0.0,0.0,0.0,-0.0,0.0,0.0,0.0,-0.0,0.0,0.0,0.0,-0.0
90.82880020141602,0.0,0.0,0.0,0.0,0.0,-0.0,0.0,0.0,0.0,-0.0,0.0,0.0,0.0,-0.0
90.97925424575806,0.0,0.0,0.0,0.0,0.0,-0.0,0.0,0.0,0.0,-0.0,0.0,0.0,0.0,-0.0
91.1296010017395,0.0,0.0,0.0,0.0,0.0,-0.0,0.0,0.0,0.0,-0.0,0.0,0.0,0.0,-0.0
91.22990369796753,0.0,0.0,0.0,0.0,0.0,-0.0,0.0,0.0,0.0,-0.0,0.0,0.0,0.0,-0.0
91.3301944732666,0.0,0.0,0.0,0.0,0.0,-0.0,0.0,0.0,0.0,-0.0,0.0,0.0,0.0,-0.0
91.43040180206299,0.0,0.0,0.0,0.0,0.0,-0.0,0.0,0.0,0.0,-0.0,0.0,0.0,0.0,-0.0
91.58084392547607,0.0,0.0,0.0,0.0,0.0,-0.0,0.0,0.0,0.0,-0.0,0.0,0.0,0.0,-0.0
91.68105125427246,0.0,0.0,0.0,0.0,0.0,-0.0,0.0,0.0,0.0,-0.0,0.0,0.0,0.0,-0.0
91.78140163421631,0.0,0.0,0.0,0.0,0.0,-0.0,0.0,0.0,0.0,-0.0,0.0,0.0,0.0,-0.0
91.93174839019775,0.0,0.0,0.0,0.0,0.0,-0.0,0.0,0.0,0.0,-0.0,0.0,0.0,0.0,-0.0
92.03200340270996,0.0,0.0,0.0,0.0,0.0,-0.0,0.0,0.0,0.0,-0.0,0.0,0.0,0.0,-0.0
92.18244552612305,0.0,0.0,0.0,0.0,0.0,-0.0,0.0,0.0,0.0,-0.0,0.0,0.0,0.0,-0.0
92.33280420303345,0.0,0.0,0.0,0.0,0.0,-0.0,0.0,0.0,0.0,-0.0,0.0,0.0,0.0,-0.0
92.48324632644653,0.0,0.0,0.0,0.0,0.0,-0.0,0.0,0.0,0.0,-0.0,0.0,0.0,0.0,-0.0
92.63360500335693,0.0,0.0,0.0,0.0,0.0,-0.0,0.0,0.0,0.0,-0.0,0.0,0.0,0.0,-0.0
92.78404712677002,0.0,0.0,0.0,0.0,0.0,-0.0,0.0,0.0,0.0,-0.0,0.0,0.0,0.0,-0.0
92.93439388275146,0.0,0.0,0.0,0.0,0.0,-0.0,0.0,0.0,0.0,-0.0,0.0,0.0,0.0,-0.0
93.0848479270935,0.0,0.0,0.0,0.0,0.0,-0.0,0.0,0.0,0.0,-0.0,0.0,0.0,0.0,-0.0
93.28534603118896,0.0,0.0,0.0,0.0,0.0,-0.0,0.0,0.0,0.0,-0.0,0.0,0.0,0.0,-0.0
93.43575239181519,0.0,0.0,0.0,0.0,0.0,-0.0,0.0,0.0,0.0,-0.0,0.0,0.0,0.0,-0.0
93.58614683151245,0.0,0.0,0.0,0.0,0.0,-0.0,0.0,0.0,0.0,-0.0,0.0,0.0,0.0,-0.0
93.73660087585449,0.0,0.0,0.0,0.0,0.0,-0.0,0.0,0.0,0.0,-0.0,0.0,0.0,0.0,-0.0
93.83684396743774,0.0,0.0,0.0,0.0,0.0,-0.0,0.0,0.0,0.0,-0.0,0.0,0.0,0.0,-0.0
93.93709897994995,0.0,0.0,0.0,0.0,0.0,-0.0,0.0,0.0,0.0,-0.0,0.0,0.0,0.0,-0.0
94.08750534057617,0.0,0.0,0.0,0.0,0.0,-0.0,0.0,0.0,0.0,-0.0,0.0,0.0,0.0,-0.0
94.18774843215942,0.0,0.0,0.0,0.0,0.0,-0.0,0.0,0.0,0.0,-0.0,0.0,0.0,0.0,-0.0
94.33815479278564,0.0,0.0,0.0,0.0,0.0,-0.0,0.0,0.0,0.0,-0.0,0.0,0.0,0.0,-0.0
94.43844556808472,0.0,0.0,0.0,0.0,0.0,-0.0,0.0,0.0,0.0,-0.0,0.0,0.0,0.0,-0.0
94.5386528968811,0.0,0.0,0.0,0.0,0.0,-0.0,0.0,0.0,0.0,-0.0,0.0,0.0,0.0,-0.0
94.63889598846436,0.0,0.0,0.0,0.0,0.0,-0.0,0.0,0.0,0.0,-0.0,0.0,0.0,0.0,-0.0
94.73919868469238,0.0,0.0,0.0,0.0,0.0,-0.0,0.0,0.0,0.0,-0.0,0.0,0.0,0.0,-0.0
94.83945369720459,0.0,0.0,0.0,0.0,0.0,-0.0,0.0,0.0,0.0,-0.0,0.0,0.0,0.0,-0.0
94.98989582061768,0.0,0.0,0.0,0.0,0.0,-0.0,0.0,0.0,0.0,-0.0,0.0,0.0,0.0,-0.0
95.09010314941406,0.0,0.0,0.0,0.0,0.0,-0.0,0.0,0.0,0.0,-0.0,0.0,0.0,0.0,-0.0
95.24054527282715,0.0,0.0,0.0,0.0,0.0,-0.0,0.0,0.0,0.0,-0.0,0.0,0.0,0.0,-0.0
95.34080028533936,0.0,0.0,0.0,0.0,0.0,-0.0,0.0,0.0,0.0,-0.0,0.0,0.0,0.0,-0.0
95.44110298156738,0.0,0.0,0.0,0.0,0.0,-0.0,0.0,0.0,0.0,-0.0,0.0,0.0,0.0,-0.0
95.54134607315063,0.0,0.0,0.0,0.0,0.0,-0.0,0.0,0.0,0.0,-0.0,0.0,0.0,0.0,-0.0
95.64160108566284,0.0,0.0,0.0,0.0,0.0,-0.0,0.0,0.0,0.0,-0.0,0.0,0.0,0.0,-0.0
95.7418441772461,0.0,0.0,0.0,0.0,0.0,-0.0,0.0,0.0,0.0,-0.0,0.0,0.0,0.0,-0.0
95.84214687347412,0.0,0.0,0.0,0.0,0.0,-0.0,0.0,0.0,0.0,-0.0,0.0,0.0,0.0,-0.0
95.94240188598633,0.0,0.0,0.0,0.0,0.0,-0.0,0.0,0.0,0.0,-0.0,0.0,0.0,0.0,-0.0
96.04264497756958,0.0,0.0,0.0,0.0,0.0,-0.0,0.0,0.0,0.0,-0.0,0.0,0.0,0.0,-0.0
96.14294767379761,0.0,0.0,0.0,0.0,0.0,-0.0,0.0,0.0,0.0,-0.0,0.0,0.0,0.0,-0.0
96.24320268630981,0.0,0.0,0.0,0.0,0.0,-0.0,0.0,0.0,0.0,-0.0,0.0,0.0,0.0,-0.0
96.34344577789307,0.0,0.0,0.0,0.0,0.0,-0.0,0.0,0.0,0.0,-0.0,0.0,0.0,0.0,-0.0
96.4437484741211,0.0,0.0,0.0,0.0,0.0,-0.0,0.0,0.0,0.0,-0.0,0.0,0.0,0.0,-0.0
96.5440034866333,0.0,0.0,0.0,0.0,0.0,-0.0,0.0,0.0,0.0,-0.0,0.0,0.0,0.0,-0.0
96.64424657821655,0.0,0.0,0.0,0.0,0.0,-0.0,0.0,0.0,0.0,-0.0,0.0,0.0,0.0,-0.0
96.7947006225586,0.0,0.0,0.0,0.0,0.0,-0.0,0.0,0.0,0.0,-0.0,0.0,0.0,0.0,-0.0
96.89494371414185,0.0,0.0,0.0,0.0,0.0,-0.0,0.0,0.0,0.0,-0.0,0.0,0.0,0.0,-0.0
96.99519872665405,0.0,0.0,0.0,0.0,0.0,-0.0,0.0,0.0,0.0,-0.0,0.0,0.0,0.0,-0.0
97.09545373916626,0.0,0.0,0.0,0.0,0.0,-0.0,0.0,0.0,0.0,-0.0,0.0,0.0,0.0,-0.0
97.19574451446533,0.0,0.0,0.0,0.0,0.0,-0.0,0.0,0.0,0.0,-0.0,0.0,0.0,0.0,-0.0
97.29599952697754,0.0,0.0,0.0,0.0,0.0,-0.0,0.0,0.0,0.0,-0.0,0.0,0.0,0.0,-0.0
97.39625453948975,0.0,0.0,0.0,0.0,0.0,-0.0,0.0,0.0,0.0,-0.0,0.0,0.0,0.0,-0.0
97.49654531478882,0.0,0.0,0.0,0.0,0.0,-0.0,0.0,0.0,0.0,-0.0,0.0,0.0,0.0,-0.0
97.59680032730103,0.0,0.0,0.0,0.0,0.0,-0.0,0.0,0.0,0.0,-0.0,0.0,0.0,0.0,-0.0
97.69705533981323,0.0,0.0,0.0,0.0,0.0,-0.0,0.0,0.0,0.0,-0.0,0.0,0.0,0.0,-0.0
97.7973461151123,0.0,0.0,0.0,0.0,0.0,-0.0,0.0,0.0,0.0,-0.0,0.0,0.0,0.0,-0.0
97.94775247573853,0.0,0.0,0.0,0.0,0.0,-0.0,0.0,0.0,0.0,-0.0,0.0,0.0,0.0,-0.0
98.04799556732178,0.0,0.0,0.0,0.0,0.0,-0.0,0.0,0.0,0.0,-0.0,0.0,0.0,0.0,-0.0
98.14825057983398,0.0,0.0,0.0,0.0,0.0,-0.0,0.0,0.0,0.0,-0.0,0.0,0.0,0.0,-0.0
98.24855327606201,0.0,0.0,0.0,0.0,0.0,-0.0,0.0,0.0,0.0,-0.0,0.0,0.0,0.0,-0.0
98.34879636764526,0.0,0.0,0.0,0.0,0.0,-0.0,0.0,0.0,0.0,-0.0,0.0,0.0,0.0,-0.0
98.44905138015747,0.0,0.0,0.0,0.0,0.0,-0.0,0.0,0.0,0.0,-0.0,0.0,0.0,0.0,-0.0
98.54929447174072,0.0,0.0,0.0,0.0,0.0,-0.0,0.0,0.0,0.0,-0.0,0.0,0.0,0.0,-0.0
98.64959716796875,0.0,0.0,0.0,0.0,0.0,-0.0,0.0,0.0,0.0,-0.0,0.0,0.0,0.0,-0.0
98.74985218048096,0.0,0.0,0.0,0.0,0.0,-0.0,0.0,0.0,0.0,-0.0,0.0,0.0,0.0,-0.0
98.85009527206421,0.0,0.0,0.0,0.0,0.0,-0.0,0.0,0.0,0.0,-0.0,0.0,0.0,0.0,-0.0
98.95039796829224,0.0,0.0,0.0,0.0,0.0,-0.0,0.0,0.0,0.0,-0.0,0.0,0.0,0.0,-0.0
99.05074834823608,0.0,0.0,0.0,0.0,0.0,-0.0,0.0,0.0,0.0,-0.0,0.0,0.0,0.0,-0.0
99.20109510421753,0.0,0.0,0.0,0.0,0.0,-0.0,0.0,0.0,0.0,-0.0,0.0,0.0,0.0,-0.0
99.30130243301392,0.0,0.0,0.0,0.0,0.0,-0.0,0.0,0.0,0.0,-0.0,0.0,0.0,0.0,-0.0
99.45169687271118,0.0,0.0,0.0,0.0,0.0,-0.0,0.0,0.0,0.0,-0.0,0.0,0.0,0.0,-0.0
99.55199956893921,0.0,0.0,0.0,0.0,0.0,-0.0,0.0,0.0,0.0,-0.0,0.0,0.0,0.0,-0.0
99.65225458145142,0.0,0.0,0.0,0.0,0.0,-0.0,0.0,0.0,0.0,-0.0,0.0,0.0,0.0,-0.0
99.75254535675049,0.0,0.0,0.0,0.0,0.0,-0.0,0.0,0.0,0.0,-0.0,0.0,0.0,0.0,-0.0
99.8528003692627,0.0,0.0,0.0,0.0,0.0,-0.0,0.0,0.0,0.0,-0.0,0.0,0.0,0.0,-0.0
99.9530553817749,0.0,0.0,0.0,0.0,0.0,-0.0,0.0,0.0,0.0,-0.0,0.0,0.0,0.0,-0.0
100.10344982147217,0.0,0.0,0.0,0.0,0.0,-0.0,0.0,0.0,0.0,-0.0,0.0,0.0,0.0,-0.0
100.2037525177002,0.0,0.0,0.0,0.0,0.0,-0.0,0.0,0.0,0.0,-0.0,0.0,0.0,0.0,-0.0
100.35414695739746,0.0,0.0,0.0,0.0,0.0,-0.0,0.0,0.0,0.0,-0.0,0.0,0.0,0.0,-0.0
100.45440196990967,0.0,0.0,0.0,0.0,0.0,-0.0,0.0,0.0,0.0,-0.0,0.0,0.0,0.0,-0.0
100.55464506149292,0.0,0.0,0.0,0.0,0.0,-0.0,0.0,0.0,0.0,-0.0,0.0,0.0,0.0,-0.0
100.65490007400513,0.0,0.0,0.0,0.0,0.0,-0.0,0.0,0.0,0.0,-0.0,0.0,0.0,0.0,-0.0
100.75520277023315,0.0,0.0,0.0,0.0,0.0,-0.0,0.0,0.0,0.0,-0.0,0.0,0.0,0.0,-0.0
100.8554458618164,0.0,0.0,0.0,0.0,0.0,-0.0,0.0,0.0,0.0,-0.0,0.0,0.0,0.0,-0.0
101.00585222244263,0.0,0.0,0.0,0.0,0.0,-0.0,0.0,0.0,0.0,-0.0,0.0,0.0,0.0,-0.0
101.10620260238647,0.0,0.0,0.0,0.0,0.0,-0.0,0.0,0.0,0.0,-0.0,0.0,0.0,0.0,-0.0
101.20644569396973,0.0,0.0,0.0,0.0,0.0,-0.0,0.0,0.0,0.0,-0.0,0.0,0.0,0.0,-0.0
101.30674839019775,0.0,0.0,0.0,0.0,0.0,-0.0,0.0,0.0,0.0,-0.0,0.0,0.0,0.0,-0.0
101.40700340270996,0.0,0.0,0.0,0.0,0.0,-0.0,0.0,0.0,0.0,-0.0,0.0,0.0,0.0,-0.0
101.50724649429321,0.0,0.0,0.0,0.0,0.0,-0.0,0.0,0.0,0.0,-0.0,0.0,0.0,0.0,-0.0
101.60754919052124,0.0,0.0,0.0,0.0,0.0,-0.0,0.0,0.0,0.0,-0.0,0.0,0.0,0.0,-0.0
101.75789594650269,0.0,0.0,0.0,0.0,0.0,-0.0,0.0,0.0,0.0,-0.0,0.0,0.0,0.0,-0.0
101.85819864273071,0.0,0.0,0.0,0.0,0.0,-0.0,0.0,0.0,0.0,-0.0,0.0,0.0,0.0,-0.0
101.95839405059814,0.0,0.0,0.0,0.0,0.0,-0.0,0.0,0.0,0.0,-0.0,0.0,0.0,0.0,-0.0
102.10880041122437,0.0,0.0,0.0,0.0,0.0,-0.0,0.0,0.0,0.0,-0.0,0.0,0.0,0.0,-0.0
102.20910310745239,0.0,0.0,0.0,0.0,0.0,-0.0,0.0,0.0,0.0,-0.0,0.0,0.0,0.0,-0.0
102.30939388275146,0.0,0.0,0.0,0.0,0.0,-0.0,0.0,0.0,0.0,-0.0,0.0,0.0,0.0,-0.0
102.40964889526367,0.0,0.0,0.0,0.0,0.0,-0.0,0.0,0.0,0.0,-0.0,0.0,0.0,0.0,-0.0
102.5099515914917,0.0,0.0,0.0,0.0,0.0,-0.0,0.0,0.0,0.0,-0.0,0.0,0.0,0.0,-0.0
102.61025428771973,0.0,0.0,0.0,0.0,0.0,-0.0,0.0,0.0,0.0,-0.0,0.0,0.0,0.0,-0.0
102.71049737930298,0.0,0.0,0.0,0.0,0.0,-0.0,0.0,0.0,0.0,-0.0,0.0,0.0,0.0,-0.0
102.86084413528442,0.0,0.0,0.0,0.0,0.0,-0.0,0.0,0.0,0.0,-0.0,0.0,0.0,0.0,-0.0
102.96109914779663,0.0,0.0,0.0,0.0,0.0,-0.0,0.0,0.0,0.0,-0.0,0.0,0.0,0.0,-0.0
103.06140184402466,0.0,0.0,0.0,0.0,0.0,-0.0,0.0,0.0,0.0,-0.0,0.0,0.0,0.0,-0.0
103.16159725189209,0.0,0.0,0.0,0.0,0.0,-0.0,0.0,0.0,0.0,-0.0,0.0,0.0,0.0,-0.0
103.26194763183594,0.0,0.0,0.0,0.0,0.0,-0.0,0.0,0.0,0.0,-0.0,0.0,0.0,0.0,-0.0
103.41235399246216,0.0,0.0,0.0,0.0,0.0,-0.0,0.0,0.0,0.0,-0.0,0.0,0.0,0.0,-0.0
103.51259708404541,0.0,0.0,0.0,0.0,0.0,-0.0,0.0,0.0,0.0,-0.0,0.0,0.0,0.0,-0.0
103.61289978027344,0.0,0.0,0.0,0.0,0.0,-0.0,0.0,0.0,0.0,-0.0,0.0,0.0,0.0,-0.0
103.71309518814087,0.0,0.0,0.0,0.0,0.0,-0.0,0.0,0.0,0.0,-0.0,0.0,0.0,0.0,-0.0
103.81330251693726,0.0,0.0,0.0,0.0,0.0,-0.0,0.0,0.0,0.0,-0.0,0.0,0.0,0.0,-0.0
103.96374464035034,0.0,0.0,0.0,0.0,0.0,-0.0,0.0,0.0,0.0,-0.0,0.0,0.0,0.0,-0.0
104.06399965286255,0.0,0.0,0.0,0.0,0.0,-0.0,0.0,0.0,0.0,-0.0,0.0,0.0,0.0,-0.0
104.11404371261597,0.0,0.0,0.0,0.0,0.0,-0.0,0.0,0.0,0.0,-0.0,0.0,0.0,0.0,-0.0
104.26454544067383,0.0,0.0,0.0,0.0,0.0,-0.0,0.0,0.0,0.0,-0.0,0.0,0.0,0.0,-0.0
104.36484813690186,0.0,0.0,0.0,0.0,0.0,-0.0,0.0,0.0,0.0,-0.0,0.0,0.0,0.0,-0.0
104.46515083312988,0.0,0.0,0.0,0.0,0.0,-0.0,0.0,0.0,0.0,-0.0,0.0,0.0,0.0,-0.0
104.56534624099731,0.0,0.0,0.0,0.0,0.0,-0.0,0.0,0.0,0.0,-0.0,0.0,0.0,0.0,-0.0
104.66560125350952,0.0,0.0,0.0,0.0,0.0,-0.0,0.0,0.0,0.0,-0.0,0.0,0.0,0.0,-0.0
104.76584434509277,0.0,0.0,0.0,0.0,0.0,-0.0,0.0,0.0,0.0,-0.0,0.0,0.0,0.0,-0.0
104.8661470413208,0.0,0.0,0.0,0.0,0.0,-0.0,0.0,0.0,0.0,-0.0,0.0,0.0,0.0,-0.0
104.96640205383301,0.0,0.0,0.0,0.0,0.0,-0.0,0.0,0.0,0.0,-0.0,0.0,0.0,0.0,-0.0
105.06664514541626,0.0,0.0,0.0,0.0,0.0,-0.0,0.0,0.0,0.0,-0.0,0.0,0.0,0.0,-0.0
105.2170991897583,0.0,0.0,0.0,0.0,0.0,-0.0,0.0,0.0,0.0,-0.0,0.0,0.0,0.0,-0.0
105.31735420227051,0.0,0.0,0.0,0.0,0.0,-0.0,0.0,0.0,0.0,-0.0,0.0,0.0,0.0,-0.0
105.41764497756958,0.0,0.0,0.0,0.0,0.0,-0.0,0.0,0.0,0.0,-0.0,0.0,0.0,0.0,-0.0
105.51789999008179,0.0,0.0,0.0,0.0,0.0,-0.0,0.0,0.0,0.0,-0.0,0.0,0.0,0.0,-0.0
105.61809539794922,0.0,0.0,0.0,0.0,0.0,-0.0,0.0,0.0,0.0,-0.0,0.0,0.0,0.0,-0.0
105.71844577789307,0.0,0.0,0.0,0.0,0.0,-0.0,0.0,0.0,0.0,-0.0,0.0,0.0,0.0,-0.0
105.81870079040527,0.0,0.0,0.0,0.0,0.0,-0.0,0.0,0.0,0.0,-0.0,0.0,0.0,0.0,-0.0
105.91894388198853,0.0,0.0,0.0,0.0,0.0,-0.0,0.0,0.0,0.0,-0.0,0.0,0.0,0.0,-0.0
106.06935024261475,0.0,0.0,0.0,0.0,0.0,-0.0,0.0,0.0,0.0,-0.0,0.0,0.0,0.0,-0.0
106.16960525512695,0.0,0.0,0.0,0.0,0.0,-0.0,0.0,0.0,0.0,-0.0,0.0,0.0,0.0,-0.0
106.2698483467102,0.0,0.0,0.0,0.0,0.0,-0.0,0.0,0.0,0.0,-0.0,0.0,0.0,0.0,-0.0
106.37010335922241,0.0,0.0,0.0,0.0,0.0,-0.0,0.0,0.0,0.0,-0.0,0.0,0.0,0.0,-0.0
106.47034645080566,0.0,0.0,0.0,0.0,0.0,-0.0,0.0,0.0,0.0,-0.0,0.0,0.0,0.0,-0.0
106.57064914703369,0.0,0.0,0.0,0.0,0.0,-0.0,0.0,0.0,0.0,-0.0,0.0,0.0,0.0,-0.0
106.72105550765991,0.0,0.0,0.0,0.0,0.0,-0.0,0.0,0.0,0.0,-0.0,0.0,0.0,0.0,-0.0
106.82129859924316,0.0,0.0,0.0,0.0,0.0,-0.0,0.0,0.0,0.0,-0.0,0.0,0.0,0.0,-0.0
106.92155361175537,0.0,0.0,0.0,0.0,0.0,-0.0,0.0,0.0,0.0,-0.0,0.0,0.0,0.0,-0.0
107.07199573516846,0.0,0.0,0.0,0.0,0.0,-0.0,0.0,0.0,0.0,-0.0,0.0,0.0,0.0,-0.0
107.17229843139648,0.0,0.0,0.0,0.0,0.0,-0.0,0.0,0.0,0.0,-0.0,0.0,0.0,0.0,-0.0
107.3227047920227,0.0,0.0,0.0,0.0,0.0,-0.0,0.0,0.0,0.0,-0.0,0.0,0.0,0.0,-0.0
107.42294788360596,0.0,0.0,0.0,0.0,0.0,-0.0,0.0,0.0,0.0,-0.0,0.0,0.0,0.0,-0.0
107.52320289611816,0.0,0.0,0.0,0.0,0.0,-0.0,0.0,0.0,0.0,-0.0,0.0,0.0,0.0,-0.0
107.62344598770142,0.0,0.0,0.0,0.0,0.0,-0.0,0.0,0.0,0.0,-0.0,0.0,0.0,0.0,-0.0
107.72374868392944,0.0,0.0,0.0,0.0,0.0,-0.0,0.0,0.0,0.0,-0.0,0.0,0.0,0.0,-0.0
107.82405138015747,0.0,0.0,0.0,0.0,0.0,-0.0,0.0,0.0,0.0,-0.0,0.0,0.0,0.0,-0.0
107.92429447174072,0.0,0.0,0.0,0.0,0.0,-0.0,0.0,0.0,0.0,-0.0,0.0,0.0,0.0,-0.0
108.07465314865112,0.0,0.0,0.0,0.0,0.0,-0.0,0.0,0.0,0.0,-0.0,0.0,0.0,0.0,-0.0
108.22509527206421,0.0,0.0,0.0,0.0,0.0,-0.0,0.0,0.0,0.0,-0.0,0.0,0.0,0.0,-0.0
108.32535028457642,0.0,0.0,0.0,0.0,0.0,-0.0,0.0,0.0,0.0,-0.0,0.0,0.0,0.0,-0.0
108.47574472427368,0.0,0.0,0.0,0.0,0.0,-0.0,0.0,0.0,0.0,-0.0,0.0,0.0,0.0,-0.0
108.57599973678589,0.0,0.0,0.0,0.0,0.0,-0.0,0.0,0.0,0.0,-0.0,0.0,0.0,0.0,-0.0
108.67619514465332,0.0,0.0,0.0,0.0,0.0,-0.0,0.0,0.0,0.0,-0.0,0.0,0.0,0.0,-0.0
108.77660512924194,0.0,0.0,0.0,0.0,0.0,-0.0,0.0,0.0,0.0,-0.0,0.0,0.0,0.0,-0.0
108.92699956893921,0.0,0.0,0.0,0.0,0.0,-0.0,0.0,0.0,0.0,-0.0,0.0,0.0,0.0,-0.0
109.02725458145142,0.0,0.0,0.0,0.0,0.0,-0.0,0.0,0.0,0.0,-0.0,0.0,0.0,0.0,-0.0
109.12749767303467,0.0,0.0,0.0,0.0,0.0,-0.0,0.0,0.0,0.0,-0.0,0.0,0.0,0.0,-0.0
109.22770500183105,0.0,0.0,0.0,0.0,0.0,-0.0,0.0,0.0,0.0,-0.0,0.0,0.0,0.0,-0.0
109.3279480934143,0.0,0.0,0.0,0.0,0.0,-0.0,0.0,0.0,0.0,-0.0,0.0,0.0,0.0,-0.0
109.42829847335815,0.0,0.0,0.0,0.0,0.0,-0.0,0.0,0.0,0.0,-0.0,0.0,0.0,0.0,-0.0
109.52849388122559,0.0,0.0,0.0,0.0,0.0,-0.0,0.0,0.0,0.0,-0.0,0.0,0.0,0.0,-0.0
109.67905521392822,0.0,0.0,0.0,0.0,0.0,-0.0,0.0,0.0,0.0,-0.0,0.0,0.0,0.0,-0.0
109.77915525436401,0.0,0.0,0.0,0.0,0.0,-0.0,0.0,0.0,0.0,-0.0,0.0,0.0,0.0,-0.0
109.9295973777771,0.0,0.0,0.0,0.0,0.0,-0.0,0.0,0.0,0.0,-0.0,0.0,0.0,0.0,-0.0
110.08005142211914,0.0,0.0,0.0,0.0,0.0,-0.0,0.0,0.0,0.0,-0.0,0.0,0.0,0.0,-0.0
110.23039817810059,0.0,0.0,0.0,0.0,0.0,-0.0,0.0,0.0,0.0,-0.0,0.0,0.0,0.0,-0.0
110.33074855804443,0.0,0.0,0.0,0.0,0.0,-0.0,0.0,0.0,0.0,-0.0,0.0,0.0,0.0,-0.0
110.43100357055664,0.0,0.0,0.0,0.0,0.0,-0.0,0.0,0.0,0.0,-0.0,0.0,0.0,0.0,-0.0
110.53129434585571,0.0,0.0,0.0,0.0,0.0,-0.0,0.0,0.0,0.0,-0.0,0.0,0.0,0.0,-0.0
110.68165302276611,0.0,0.0,0.0,0.0,0.0,-0.0,0.0,0.0,0.0,-0.0,0.0,0.0,0.0,-0.0
110.78189611434937,0.0,0.0,0.0,0.0,0.0,-0.0,0.0,0.0,0.0,-0.0,0.0,0.0,0.0,-0.0
110.88215112686157,0.0,0.0,0.0,0.0,0.0,-0.0,0.0,0.0,0.0,-0.0,0.0,0.0,0.0,-0.0
111.03254556655884,0.0,0.0,0.0,0.0,0.0,-0.0,0.0,0.0,0.0,-0.0,0.0,0.0,0.0,-0.0
111.13275289535522,0.0,0.0,0.0,0.0,0.0,-0.0,0.0,0.0,0.0,-0.0,0.0,0.0,0.0,-0.0
111.2330436706543,0.0,0.0,0.0,0.0,0.0,-0.0,0.0,0.0,0.0,-0.0,0.0,0.0,0.0,-0.0
111.38345003128052,0.0,0.0,0.0,0.0,0.0,-0.0,0.0,0.0,0.0,-0.0,0.0,0.0,0.0,-0.0
111.48370504379272,0.0,0.0,0.0,0.0,0.0,-0.0,0.0,0.0,0.0,-0.0,0.0,0.0,0.0,-0.0
111.5839958190918,0.0,0.0,0.0,0.0,0.0,-0.0,0.0,0.0,0.0,-0.0,0.0,0.0,0.0,-0.0
111.68429851531982,0.0,0.0,0.0,0.0,0.0,-0.0,0.0,0.0,0.0,-0.0,0.0,0.0,0.0,-0.0
111.83464527130127,0.0,0.0,0.0,0.0,0.0,-0.0,0.0,0.0,0.0,-0.0,0.0,0.0,0.0,-0.0
111.98505163192749,0.0,0.0,0.0,0.0,0.0,-0.0,0.0,0.0,0.0,-0.0,0.0,0.0,0.0,-0.0
112.08529472351074,0.0,0.0,0.0,0.0,0.0,-0.0,0.0,0.0,0.0,-0.0,0.0,0.0,0.0,-0.0
112.18554973602295,0.0,0.0,0.0,0.0,0.0,-0.0,0.0,0.0,0.0,-0.0,0.0,0.0,0.0,-0.0
112.28585243225098,0.0,0.0,0.0,0.0,0.0,-0.0,0.0,0.0,0.0,-0.0,0.0,0.0,0.0,-0.0
112.43624687194824,0.0,0.0,0.0,0.0,0.0,-0.0,0.0,0.0,0.0,-0.0,0.0,0.0,0.0,-0.0
112.53654956817627,0.0,0.0,0.0,0.0,0.0,-0.0,0.0,0.0,0.0,-0.0,0.0,0.0,0.0,-0.0
112.63680458068848,0.0,0.0,0.0,0.0,0.0,-0.0,0.0,0.0,0.0,-0.0,0.0,0.0,0.0,-0.0
112.73709535598755,0.0,0.0,0.0,0.0,0.0,-0.0,0.0,0.0,0.0,-0.0,0.0,0.0,0.0,-0.0
112.88745403289795,0.0,0.0,0.0,0.0,0.0,-0.0,0.0,0.0,0.0,-0.0,0.0,0.0,0.0,-0.0
112.98774480819702,0.0,0.0,0.0,0.0,0.0,-0.0,0.0,0.0,0.0,-0.0,0.0,0.0,0.0,-0.0
113.08799982070923,0.0,0.0,0.0,0.0,0.0,-0.0,0.0,0.0,0.0,-0.0,0.0,0.0,0.0,-0.0
113.2383942604065,0.0,0.0,0.0,0.0,0.0,-0.0,0.0,0.0,0.0,-0.0,0.0,0.0,0.0,-0.0
113.3386492729187,0.0,0.0,0.0,0.0,0.0,-0.0,0.0,0.0,0.0,-0.0,0.0,0.0,0.0,-0.0
113.43899965286255,0.0,0.0,0.0,0.0,0.0,-0.0,0.0,0.0,0.0,-0.0,0.0,0.0,0.0,-0.0
113.589346408844,0.0,0.0,0.0,0.0,0.0,-0.0,0.0,0.0,0.0,-0.0,0.0,0.0,0.0,-0.0
113.68964910507202,0.0,0.0,0.0,0.0,0.0,-0.0,0.0,0.0,0.0,-0.0,0.0,0.0,0.0,-0.0
113.78990411758423,0.0,0.0,0.0,0.0,0.0,-0.0,0.0,0.0,0.0,-0.0,0.0,0.0,0.0,-0.0
113.8901948928833,0.0,0.0,0.0,0.0,0.0,-0.0,0.0,0.0,0.0,-0.0,0.0,0.0,0.0,-0.0
113.99040222167969,0.0,0.0,0.0,0.0,0.0,-0.0,0.0,0.0,0.0,-0.0,0.0,0.0,0.0,-0.0
114.09070491790771,0.0,0.0,0.0,0.0,0.0,-0.0,0.0,0.0,0.0,-0.0,0.0,0.0,0.0,-0.0
114.24109935760498,0.0,0.0,0.0,0.0,0.0,-0.0,0.0,0.0,0.0,-0.0,0.0,0.0,0.0,-0.0
114.34140205383301,0.0,0.0,0.0,0.0,0.0,-0.0,0.0,0.0,0.0,-0.0,0.0,0.0,0.0,-0.0
114.44154977798462,0.0,0.0,0.0,0.0,0.0,-0.0,0.0,0.0,0.0,-0.0,0.0,0.0,0.0,-0.0
114.54180479049683,0.0,0.0,0.0,0.0,0.0,-0.0,0.0,0.0,0.0,-0.0,0.0,0.0,0.0,-0.0
114.6420955657959,0.0,0.0,0.0,0.0,0.0,-0.0,0.0,0.0,0.0,-0.0,0.0,0.0,0.0,-0.0
114.79250192642212,0.0,0.0,0.0,0.0,0.0,-0.0,0.0,0.0,0.0,-0.0,0.0,0.0,0.0,-0.0
114.89280462265015,0.0,0.0,0.0,0.0,0.0,-0.0,0.0,0.0,0.0,-0.0,0.0,0.0,0.0,-0.0
115.04319906234741,0.0,0.0,0.0,0.0,0.0,-0.0,0.0,0.0,0.0,-0.0,0.0,0.0,0.0,-0.0
115.14345407485962,0.0,0.0,0.0,0.0,0.0,-0.0,0.0,0.0,0.0,-0.0,0.0,0.0,0.0,-0.0
115.24380445480347,0.0,0.0,0.0,0.0,0.0,-0.0,0.0,0.0,0.0,-0.0,0.0,0.0,0.0,-0.0
115.39415121078491,0.0,0.0,0.0,0.0,0.0,-0.0,0.0,0.0,0.0,-0.0,0.0,0.0,0.0,-0.0
115.49439430236816,0.0,0.0,0.0,0.0,0.0,-0.0,0.0,0.0,0.0,-0.0,0.0,0.0,0.0,-0.0
115.59469699859619,0.0,0.0,0.0,0.0,0.0,-0.0,0.0,0.0,0.0,-0.0,0.0,0.0,0.0,-0.0
115.6949520111084,0.0,0.0,0.0,0.0,0.0,-0.0,0.0,0.0,0.0,-0.0,0.0,0.0,0.0,-0.0
115.79519510269165,0.0,0.0,0.0,0.0,0.0,-0.0,0.0,0.0,0.0,-0.0,0.0,0.0,0.0,-0.0
115.89549779891968,0.0,0.0,0.0,0.0,0.0,-0.0,0.0,0.0,0.0,-0.0,0.0,0.0,0.0,-0.0
116.04584455490112,0.0,0.0,0.0,0.0,0.0,-0.0,0.0,0.0,0.0,-0.0,0.0,0.0,0.0,-0.0
116.14614725112915,0.0,0.0,0.0,0.0,0.0,-0.0,0.0,0.0,0.0,-0.0,0.0,0.0,0.0,-0.0
116.2964940071106,0.0,0.0,0.0,0.0,0.0,-0.0,0.0,0.0,0.0,-0.0,0.0,0.0,0.0,-0.0
116.39684438705444,0.0,0.0,0.0,0.0,0.0,-0.0,0.0,0.0,0.0,-0.0,0.0,0.0,0.0,-0.0
116.49709939956665,0.0,0.0,0.0,0.0,0.0,-0.0,0.0,0.0,0.0,-0.0,0.0,0.0,0.0,-0.0
116.59735441207886,0.0,0.0,0.0,0.0,0.0,-0.0,0.0,0.0,0.0,-0.0,0.0,0.0,0.0,-0.0
116.69764518737793,0.0,0.0,0.0,0.0,0.0,-0.0,0.0,0.0,0.0,-0.0,0.0,0.0,0.0,-0.0
116.84794425964355,0.0,0.0,0.0,0.0,0.0,-0.0,0.0,0.0,0.0,-0.0,0.0,0.0,0.0,-0.0
116.94819927215576,0.0,0.0,0.0,0.0,0.0,-0.0,0.0,0.0,0.0,-0.0,0.0,0.0,0.0,-0.0
117.04850196838379,0.0,0.0,0.0,0.0,0.0,-0.0,0.0,0.0,0.0,-0.0,0.0,0.0,0.0,-0.0
117.19889640808105,0.0,0.0,0.0,0.0,0.0,-0.0,0.0,0.0,0.0,-0.0,0.0,0.0,0.0,-0.0
117.29919910430908,0.0,0.0,0.0,0.0,0.0,-0.0,0.0,0.0,0.0,-0.0,0.0,0.0,0.0,-0.0
117.39950180053711,0.0,0.0,0.0,0.0,0.0,-0.0,0.0,0.0,0.0,-0.0,0.0,0.0,0.0,-0.0
117.49974489212036,0.0,0.0,0.0,0.0,0.0,-0.0,0.0,0.0,0.0,-0.0,0.0,0.0,0.0,-0.0
117.65010356903076,0.0,0.0,0.0,0.0,0.0,-0.0,0.0,0.0,0.0,-0.0,0.0,0.0,0.0,-0.0
117.75045394897461,0.0,0.0,0.0,0.0,0.0,-0.0,0.0,0.0,0.0,-0.0,0.0,0.0,0.0,-0.0
117.85069704055786,0.0,0.0,0.0,0.0,0.0,-0.0,0.0,0.0,0.0,-0.0,0.0,0.0,0.0,-0.0
117.95095205307007,0.0,0.0,0.0,0.0,0.0,-0.0,0.0,0.0,0.0,-0.0,0.0,0.0,0.0,-0.0
118.0512547492981,0.0,0.0,0.0,0.0,0.0,-0.0,0.0,0.0,0.0,-0.0,0.0,0.0,0.0,-0.0
118.15149784088135,0.0,0.0,0.0,0.0,0.0,-0.0,0.0,0.0,0.0,-0.0,0.0,0.0,0.0,-0.0
118.25170516967773,0.0,0.0,0.0,0.0,0.0,-0.0,0.0,0.0,0.0,-0.0,0.0,0.0,0.0,-0.0
118.40214729309082,0.0,0.0,0.0,0.0,0.0,-0.0,0.0,0.0,0.0,-0.0,0.0,0.0,0.0,-0.0
118.5023546218872,0.0,0.0,0.0,0.0,0.0,-0.0,0.0,0.0,0.0,-0.0,0.0,0.0,0.0,-0.0
118.60264539718628,0.0,0.0,0.0,0.0,0.0,-0.0,0.0,0.0,0.0,-0.0,0.0,0.0,0.0,-0.0
118.7029480934143,0.0,0.0,0.0,0.0,0.0,-0.0,0.0,0.0,0.0,-0.0,0.0,0.0,0.0,-0.0
118.8031554222107,0.0,0.0,0.0,0.0,0.0,-0.0,0.0,0.0,0.0,-0.0,0.0,0.0,0.0,-0.0
118.90344619750977,0.0,0.0,0.0,0.0,0.0,-0.0,0.0,0.0,0.0,-0.0,0.0,0.0,0.0,-0.0
119.0539002418518,0.0,0.0,0.0,0.0,0.0,-0.0,0.0,0.0,0.0,-0.0,0.0,0.0,0.0,-0.0
119.15415525436401,0.0,0.0,0.0,0.0,0.0,-0.0,0.0,0.0,0.0,-0.0,0.0,0.0,0.0,-0.0
119.25444602966309,0.0,0.0,0.0,0.0,0.0,-0.0,0.0,0.0,0.0,-0.0,0.0,0.0,0.0,-0.0
119.3547010421753,0.0,0.0,0.0,0.0,0.0,-0.0,0.0,0.0,0.0,-0.0,0.0,0.0,0.0,-0.0
119.45494413375854,0.0,0.0,0.0,0.0,0.0,-0.0,0.0,0.0,0.0,-0.0,0.0,0.0,0.0,-0.0
119.55519914627075,0.0,0.0,0.0,0.0,0.0,-0.0,0.0,0.0,0.0,-0.0,0.0,0.0,0.0,-0.0
119.65545415878296,0.0,0.0,0.0,0.0,0.0,-0.0,0.0,0.0,0.0,-0.0,0.0,0.0,0.0,-0.0
119.75569725036621,0.0,0.0,0.0,0.0,0.0,-0.0,0.0,0.0,0.0,-0.0,0.0,0.0,0.0,-0.0
119.85595226287842,0.0,0.0,0.0,0.0,0.0,-0.0,0.0,0.0,0.0,-0.0,0.0,0.0,0.0,-0.0
119.95619535446167,0.0,0.0,0.0,0.0,0.0,-0.0,0.0,0.0,0.0,-0.0,0.0,0.0,0.0,-0.0
120.10664939880371,0.0,0.0,0.0,0.0,0.0,-0.0,0.0,0.0,0.0,-0.0,0.0,0.0,0.0,-0.0
120.20699977874756,0.0,0.0,0.0,0.0,0.0,-0.0,0.0,0.0,0.0,-0.0,0.0,0.0,0.0,-0.0
120.30725479125977,0.0,0.0,0.0,0.0,0.0,-0.0,0.0,0.0,0.0,-0.0,0.0,0.0,0.0,-0.0
120.40749788284302,0.0,0.0,0.0,0.0,0.0,-0.0,0.0,0.0,0.0,-0.0,0.0,0.0,0.0,-0.0
120.50775289535522,0.0,0.0,0.0,0.0,0.0,-0.0,0.0,0.0,0.0,-0.0,0.0,0.0,0.0,-0.0
120.6080436706543,0.0,0.0,0.0,0.0,0.0,-0.0,0.0,0.0,0.0,-0.0,0.0,0.0,0.0,-0.0
120.7082986831665,0.0,0.0,0.0,0.0,0.0,-0.0,0.0,0.0,0.0,-0.0,0.0,0.0,0.0,-0.0
120.80855369567871,0.0,0.0,0.0,0.0,0.0,-0.0,0.0,0.0,0.0,-0.0,0.0,0.0,0.0,-0.0
120.95894813537598,0.0,0.0,0.0,0.0,0.0,-0.0,0.0,0.0,0.0,-0.0,0.0,0.0,0.0,-0.0
121.059250831604,0.0,0.0,0.0,0.0,0.0,-0.0,0.0,0.0,0.0,-0.0,0.0,0.0,0.0,-0.0
121.15944623947144,0.0,0.0,0.0,0.0,0.0,-0.0,0.0,0.0,0.0,-0.0,0.0,0.0,0.0,-0.0
121.30985260009766,0.0,0.0,0.0,0.0,0.0,-0.0,0.0,0.0,0.0,-0.0,0.0,0.0,0.0,-0.0
121.41009569168091,0.0,0.0,0.0,0.0,0.0,-0.0,0.0,0.0,0.0,-0.0,0.0,0.0,0.0,-0.0
121.51039838790894,0.0,0.0,0.0,0.0,0.0,-0.0,0.0,0.0,0.0,-0.0,0.0,0.0,0.0,-0.0
121.61065340042114,0.0,0.0,0.0,0.0,0.0,-0.0,0.0,0.0,0.0,-0.0,0.0,0.0,0.0,-0.0
121.71094417572021,0.0,0.0,0.0,0.0,0.0,-0.0,0.0,0.0,0.0,-0.0,0.0,0.0,0.0,-0.0
121.8111515045166,0.0,0.0,0.0,0.0,0.0,-0.0,0.0,0.0,0.0,-0.0,0.0,0.0,0.0,-0.0
121.91150188446045,0.0,0.0,0.0,0.0,0.0,-0.0,0.0,0.0,0.0,-0.0,0.0,0.0,0.0,-0.0
122.0117449760437,0.0,0.0,0.0,0.0,0.0,-0.0,0.0,0.0,0.0,-0.0,0.0,0.0,0.0,-0.0
122.11199998855591,0.0,0.0,0.0,0.0,0.0,-0.0,0.0,0.0,0.0,-0.0,0.0,0.0,0.0,-0.0
122.26239442825317,0.0,0.0,0.0,0.0,0.0,-0.0,0.0,0.0,0.0,-0.0,0.0,0.0,0.0,-0.0
122.36260175704956,0.0,0.0,0.0,0.0,0.0,-0.0,0.0,0.0,0.0,-0.0,0.0,0.0,0.0,-0.0
122.46290445327759,0.0,0.0,0.0,0.0,0.0,-0.0,0.0,0.0,0.0,-0.0,0.0,0.0,0.0,-0.0
122.56319522857666,0.0,0.0,0.0,0.0,0.0,-0.0,0.0,0.0,0.0,-0.0,0.0,0.0,0.0,-0.0
122.7136492729187,0.0,0.0,0.0,0.0,0.0,-0.0,0.0,0.0,0.0,-0.0,0.0,0.0,0.0,-0.0
122.81379699707031,0.0,0.0,0.0,0.0,0.0,-0.0,0.0,0.0,0.0,-0.0,0.0,0.0,0.0,-0.0
122.91409969329834,0.0,0.0,0.0,0.0,0.0,-0.0,0.0,0.0,0.0,-0.0,0.0,0.0,0.0,-0.0
123.01435470581055,0.0,0.0,0.0,0.0,0.0,-0.0,0.0,0.0,0.0,-0.0,0.0,0.0,0.0,-0.0
123.1145977973938,0.0,0.0,0.0,0.0,0.0,-0.0,0.0,0.0,0.0,-0.0,0.0,0.0,0.0,-0.0
123.21490049362183,0.0,0.0,0.0,0.0,0.0,-0.0,0.0,0.0,0.0,-0.0,0.0,0.0,0.0,-0.0
123.31515550613403,0.0,0.0,0.0,0.0,0.0,-0.0,0.0,0.0,0.0,-0.0,0.0,0.0,0.0,-0.0
123.4154462814331,0.0,0.0,0.0,0.0,0.0,-0.0,0.0,0.0,0.0,-0.0,0.0,0.0,0.0,-0.0
123.51574897766113,0.0,0.0,0.0,0.0,0.0,-0.0,0.0,0.0,0.0,-0.0,0.0,0.0,0.0,-0.0
123.61605167388916,0.0,0.0,0.0,0.0,0.0,-0.0,0.0,0.0,0.0,-0.0,0.0,0.0,0.0,-0.0
123.76644611358643,0.0,0.0,0.0,0.0,0.0,-0.0,0.0,0.0,0.0,-0.0,0.0,0.0,0.0,-0.0
123.86670112609863,0.0,0.0,0.0,0.0,0.0,-0.0,0.0,0.0,0.0,-0.0,0.0,0.0,0.0,-0.0
123.96694421768188,0.0,0.0,0.0,0.0,0.0,-0.0,0.0,0.0,0.0,-0.0,0.0,0.0,0.0,-0.0
124.06724691390991,0.0,0.0,0.0,0.0,0.0,-0.0,0.0,0.0,0.0,-0.0,0.0,0.0,0.0,-0.0
124.1674542427063,0.0,0.0,0.0,0.0,0.0,-0.0,0.0,0.0,0.0,-0.0,0.0,0.0,0.0,-0.0
124.31784868240356,0.0,0.0,0.0,0.0,0.0,-0.0,0.0,0.0,0.0,-0.0,0.0,0.0,0.0,-0.0
124.41815137863159,0.0,0.0,0.0,0.0,0.0,-0.0,0.0,0.0,0.0,-0.0,0.0,0.0,0.0,-0.0
124.51839447021484,0.0,0.0,0.0,0.0,0.0,-0.0,0.0,0.0,0.0,-0.0,0.0,0.0,0.0,-0.0
124.61864948272705,0.0,0.0,0.0,0.0,0.0,-0.0,0.0,0.0,0.0,-0.0,0.0,0.0,0.0,-0.0
